;Z-scored aggregated maxNDVI data for GIMMS of Kenyan divisions
adminID, pixels*100,1981S,1982L,1982S,1983L,1983S,1984L,1984S,1985L,1985S,1986L,1986S,1987L,1987S,1988L,1988S,1989L,1989S,1990L,1990S,1991L,1991S,1992L,1992S,1993L,1993S,1994L,1994S,1995L,1995S,1996L,1996S,1997L,1997S,1998L,1998S,1999L,1999S,2000L,2000S,2001L,2001S,2002L,2002S,2003L,2003S,2004L,2004S,2005L,2005S,2006L,2006S,2007L,2007S,2008L,2008S,2009L,2009S,2010L,2010S,2011L
1,542,-0.252166,0.758179,0.950030,-0.202866,0.598213,-2.33422,-1.16275,0.527606,-1.10066,-0.592322,-1.80618,-0.229993,-0.0245203,-0.00716947,0.686638,0.403600,0.671587,-0.189303,-0.372574,-0.617511,-1.13077,-0.987591,1.04786,0.194340,-1.43367,0.688426,1.65554,-1.32473,-0.447829,-0.758955,-0.758255,1.43246,2.39680,0.824057,0.212532,-1.19104,-1.00660,-2.11333,-1.47882,0.223404,-0.148691,-0.0459213,0.562467,0.825995,-0.485456,1.11470,-0.370693,0.769805,0.297194,-0.321059,1.02152,0.661300,1.09301,0.632236,0.818334,-0.929463,0.250160,0.696176,-0.282268,2.09318
2,554,0.711282,1.04277,1.70322,0.0698642,0.532448,-2.73897,-0.843382,1.09906,-0.609705,0.576420,-1.68271,0.104707,-1.01745,0.351284,0.437070,0.643424,1.08326,-0.152591,-0.299726,-1.44176,-1.34412,-0.940566,-0.187657,-0.501016,-1.63025,0.426329,0.959266,-0.978089,-0.216270,-0.822638,-0.407027,1.30811,2.62600,0.595181,0.630211,-1.03973,-1.00791,-1.35868,-0.871995,0.833718,-0.371260,-0.262479,-0.0946633,-0.168673,-0.542941,0.927524,0.394150,1.22771,-0.645472,-0.466173,0.820967,1.13926,1.19294,0.581780,0.844812,-1.44176,-0.509558,0.362005,0.346461,1.02401
3,382,0.0903595,0.378803,0.233192,-0.233522,0.327401,-2.24697,-0.973287,-0.233522,-1.16778,0.311955,-0.860844,0.528542,-1.43825,0.218369,0.214958,0.619455,1.57035,-0.142609,0.451999,-0.637282,-1.13131,-1.01163,0.151139,-0.444760,-2.29525,0.790585,1.35154,-0.0410003,0.327401,-0.212130,0.403376,0.766520,1.58250,0.710368,0.217997,-0.524978,-1.35316,-2.06782,-1.66010,-0.567760,-0.192267,-0.926064,-0.137565,-0.0490221,-0.265202,0.202325,-0.450581,0.499129,0.321323,-0.230848,1.05676,0.715715,1.09019,0.365434,1.29684,-0.843173,0.600910,0.975084,0.637378,3.33080
4,446,-0.115075,0.821049,0.313210,-0.0266921,-0.426555,-2.76423,-0.530382,0.332050,-0.900264,0.564805,-1.25717,0.601106,-1.41507,0.556263,0.620364,0.660896,0.964290,-0.127054,-0.132379,-1.34848,-1.22472,-1.18620,0.367286,-0.581888,-1.91257,0.750582,1.05297,-0.923547,-1.03437,0.0160153,-0.725057,1.18406,1.64349,0.468713,0.598733,-0.124919,-1.37830,-1.36984,-0.567154,0.0715348,0.641994,-1.03886,-0.536871,-0.423871,-0.0155744,0.761259,0.267786,0.509285,0.256971,-0.370486,1.86845,0.710010,1.60239,0.00106768,1.56129,-1.08370,0.237503,0.949171,0.174774,2.41190
5,449,-0.409201,0.916656,0.501562,-0.348728,-0.245849,-2.61214,-0.410742,0.315105,-0.854566,0.0811685,-1.39856,0.325738,-0.996343,0.187503,0.856004,0.269533,0.399852,-0.0494713,-0.344477,-1.35587,-1.07340,-1.05358,0.786657,-0.429238,-1.50951,0.0401537,0.587861,-1.38625,-1.36157,-0.107196,-1.05644,1.30554,1.47088,0.269533,0.615600,-0.0677001,-1.35849,-1.35435,-0.772890,-0.307713,0.848299,-0.365437,-0.521698,0.0735732,0.0315404,1.30402,0.470741,0.504988,0.0145888,-0.208973,1.66043,1.05185,1.83303,-0.114791,1.84690,-0.736090,0.691112,1.25693,-0.301327,2.59523
6,1537,-0.336712,0.711717,1.19682,-0.379773,0.817193,-2.81897,-1.12039,0.506742,-0.917423,-0.606953,-1.86460,0.120707,-0.481420,0.366676,0.862297,0.112166,0.758934,0.0387171,-0.823457,-0.899042,-1.24443,-1.14159,0.482674,0.153161,-1.18805,0.0130953,1.06526,-1.67794,-0.541559,-0.646240,-0.834733,1.08580,2.67209,0.325682,-0.0454167,0.137788,-0.624249,-1.75652,-0.770836,0.289811,0.274069,0.0711714,0.0654635,0.293227,-0.849768,0.629727,-0.238987,0.797123,0.131240,-0.600120,0.881090,1.24465,1.78317,0.382050,0.835987,0.132664,0.0880154,0.628019,-0.0322614,2.48646
7,354,1.15302,0.735519,1.41059,-0.598587,0.292912,-2.88535,-0.799471,0.772686,-0.500503,0.868538,-0.104945,0.444050,-0.700581,0.569245,-0.415412,0.580982,0.166426,0.0391234,-0.468306,-1.15218,-2.08043,-0.702264,0.0560374,-0.422532,-2.68527,1.24021,1.28411,-0.905706,-0.194636,0.741388,-0.360218,0.850933,2.11432,-0.181924,0.352706,-0.432313,-0.661486,-0.715957,-0.981151,1.14240,-0.180837,-0.246477,-0.162439,-0.0723782,0.391801,0.336461,0.0997327,0.528165,0.246917,-0.164318,0.334308,0.463612,1.08403,0.416664,1.66127,-2.71712,-0.314223,0.203441,-0.0382525,1.26368
8,188,0.268246,1.32864,1.60948,-0.226056,0.484755,-1.95307,-0.541555,1.42820,-0.400964,0.849978,-1.26138,0.493853,-0.589355,0.401950,-0.339104,0.417267,1.65728,0.643196,0.122032,-1.53951,-1.16859,-0.712377,-0.302551,-1.21785,-2.51826,1.03761,1.50544,-0.444326,0.417272,-0.731524,0.0433016,1.20610,2.25901,0.555122,0.119220,-0.164787,-0.999879,-1.57014,-0.968949,-0.398374,-0.454388,-0.884696,-0.271621,-0.471131,-0.291304,-0.237544,0.324482,0.413437,-0.952078,0.428755,0.872785,1.01464,0.451014,-0.0728839,1.08648,-1.92627,-0.105724,0.892100,-0.0551117,1.43969
9,2514,0.217580,0.515665,1.30349,0.228613,1.08529,-2.29158,-0.943339,0.739443,-0.643307,0.190031,-1.41555,0.423068,-0.339866,0.665365,1.03926,0.375226,0.503974,-0.339319,-1.10188,-0.919597,-0.733657,-1.40882,1.39725,-0.168013,-1.49226,0.140645,0.289178,-1.32394,-0.941634,0.0542210,-0.859807,1.51263,2.57692,-0.300736,0.137458,-0.566183,-1.20928,-1.65112,-0.951863,-0.394877,0.578982,-0.351665,-0.907540,0.134472,-0.304066,0.683884,-0.496701,0.240959,0.454537,-0.598592,0.642057,0.958591,1.20121,-0.255981,0.954022,-0.164927,0.278950,0.882969,-0.319409,2.98956
10,803,-0.592824,0.236012,0.597562,-0.0924494,0.528715,-3.18435,-1.07697,0.383485,-0.754947,0.693512,-0.868211,0.713622,-0.561731,0.820875,0.0556703,0.393540,0.513169,-0.147752,-1.32571,-1.03259,-1.34792,-1.29569,-0.0709193,-0.923659,-2.13411,0.0550232,0.324396,-0.898521,-0.994801,0.525930,-0.324098,1.40741,1.69911,0.480683,0.546482,-0.451076,-1.13694,-0.982312,-0.561731,0.219254,0.884055,-0.518109,-0.490664,0.0751331,0.377696,0.599666,0.506507,0.0634023,0.693060,-0.405829,2.01892,0.904666,1.30602,0.123732,1.61916,-1.04264,-0.133104,1.09403,0.704164,2.18500
11,1221,-0.351665,0.494968,1.24141,-0.492519,0.831182,-2.83904,-0.750854,0.251981,-0.704864,0.455412,-0.267045,0.567016,-0.425249,0.712526,0.781514,-0.215627,-0.0922851,-0.547615,-1.12981,-1.30624,-0.471238,-1.31754,0.823824,-0.654981,-1.87116,-0.212802,-0.173227,-0.958715,-1.14268,0.387602,-0.574254,1.21545,2.72595,-0.321581,0.0493623,-0.355486,-1.14820,-1.33308,-0.520907,0.123424,0.130304,0.298601,-1.44805,0.257632,0.455909,1.72120,-0.320393,0.745018,0.146860,-0.513710,0.969151,1.44007,1.89630,-0.212802,1.14391,-0.200087,-0.0370978,0.918782,0.233320,1.89214
12,613,-0.730275,0.822603,0.988146,-0.242245,0.883603,-3.04363,0.225311,0.520074,-1.15008,0.593374,-0.530990,0.921224,-0.0834167,0.578714,0.707187,0.0509546,-0.119353,-0.519452,-0.723741,-1.50034,-1.45554,-1.46702,0.274315,-0.520784,-1.45717,0.544063,0.574876,-0.936595,-1.23992,0.755966,-1.02267,1.31571,2.37497,0.177564,0.228578,-0.372852,-1.25626,-1.05921,-0.844618,0.221543,0.264514,-0.107640,-1.40163,0.260192,0.460532,1.01318,0.507903,0.197554,-0.295769,-0.616741,1.09596,0.882575,1.56966,-0.292888,1.51739,-0.943258,0.195908,0.982530,0.442564,1.78483
13,212,0.916096,0.116756,0.743342,-0.300784,0.00726043,-2.12816,-0.811443,0.0780949,-0.473446,0.273978,-0.566082,0.109024,-1.27713,-0.231194,0.497982,0.521409,1.68973,0.328103,-0.618660,-1.14360,-1.42735,-0.927093,1.08134,0.0523208,-2.15842,0.583266,1.39180,-0.174491,-0.255626,0.0162371,0.0723561,1.06524,2.00019,0.936371,0.317717,-0.702859,-1.62514,-2.80602,-1.48744,-0.635846,-0.127938,0.554915,0.467938,0.235317,-0.343255,0.0832497,-0.433387,0.139953,-0.410854,0.395116,0.410353,0.531718,0.630677,0.469860,0.740839,-1.21576,0.730824,1.23019,0.317717,2.54467
14,270,0.378578,-0.0163583,0.735876,-0.156324,-0.270724,-2.72408,-0.938163,0.472656,-1.16306,0.877001,-0.647972,0.730123,-1.03610,0.617806,0.396715,0.277396,1.23101,0.491664,-0.628021,-0.564124,-0.985319,-1.03068,0.581712,-0.0111744,-2.14608,1.68051,2.23580,-0.510557,-0.852919,0.334419,-0.0820997,1.49388,1.71527,0.951303,0.481959,-0.880342,-1.20296,-2.31628,-1.38977,-0.524381,0.677837,0.223829,-0.0621491,0.0821358,-0.395868,0.133975,-0.593561,0.0890477,0.240738,-0.330848,0.724993,0.486480,0.939009,0.0562163,0.966215,-1.69421,0.920872,0.464017,0.168190,1.29690
15,2200,-0.842645,-0.141999,-0.136443,-0.505802,-1.19148,-1.55044,1.46867,1.88491,-1.55495,1.73938,1.20156,0.606397,-1.57080,-0.457295,-0.315738,0.201016,0.428275,1.46567,0.972258,0.00352274,-0.675547,-0.304844,0.308745,0.0433679,-0.348670,-1.28885,0.455108,0.467805,-0.252314,-0.604549,-0.492593,1.07414,2.04559,1.87278,-0.542601,0.658369,1.13448,-1.03072,-0.959736,-0.521394,1.17839,0.550960,0.396563,-0.621873,0.367290,-0.904253,0.711244,-1.12600,-1.51470,-0.975282,1.47111,-0.807239,-0.226700,0.776172,0.286790,0.339608,-0.243776,0.751918,-1.55739,-1.59548
16,995,-0.815829,1.15171,-0.173562,-0.959024,-0.705405,-1.01529,1.63155,0.836058,-1.27556,0.0826177,1.53802,-0.237149,-1.15386,-0.805317,-0.0867998,-0.359291,0.610680,1.34247,0.340252,0.225346,-0.233282,-0.444379,1.31492,0.786652,0.0360197,-0.810807,0.958856,0.680979,-0.371876,-0.751794,-0.446244,2.41705,2.64453,2.47743,-0.352721,0.0537975,0.594905,-0.797083,-0.887944,-0.0203114,-0.163421,0.549229,0.573496,0.248677,0.168980,-0.201467,0.290673,-0.927459,-1.47387,-0.0258010,1.17407,-0.817668,-0.974706,0.664510,-0.455258,-1.18272,-0.848506,-0.338705,-1.45810,-1.82226
17,6549,-1.07013,-0.312865,-0.0674942,-0.735242,-1.34728,-1.58416,0.0189116,-0.312865,-1.32445,-0.531336,-0.106621,-0.204669,-1.48748,0.155288,-0.633208,-0.202589,0.772110,1.52229,0.0841236,-0.0486186,-1.75974,-0.858002,0.631904,-0.302461,0.0449964,-0.327429,0.0270631,-0.433544,-0.615274,-0.828873,-0.574517,0.585988,1.94103,3.45732,0.250414,0.442421,1.89212,0.105352,0.206396,0.985478,0.715049,1.36624,0.799825,-0.660338,0.749285,-0.431463,-0.163682,-1.29286,-0.897316,-0.810146,1.95897,0.126158,1.03296,1.28301,0.212917,-0.745645,0.0841236,0.821105,-1.37499,-0.227557
18,950,-1.46393,-0.227072,0.384968,-0.409963,-1.23902,-1.13938,1.23347,0.319450,-1.65232,-0.618674,0.456529,-0.194797,-1.45955,0.437791,-0.311654,0.715355,1.00273,2.48617,0.776362,0.108587,-1.44494,-0.922058,0.888814,-0.513243,0.516406,-0.360475,0.398112,0.211867,-0.393438,-0.431480,-0.697206,0.345269,2.25431,1.86219,0.341155,0.235535,1.37075,-0.0527876,-0.453315,1.02089,0.234544,0.594862,0.570442,0.0569470,-0.0736052,-0.713347,-0.264921,-1.65147,-1.12365,-1.61274,1.26706,-0.192646,0.365982,1.21024,0.104567,-1.42985,-0.115958,1.80840,-1.47269,-0.943575
19,4140,-1.03874,1.11676,0.0251676,-0.552040,-0.989284,-1.16783,1.32023,0.906493,-1.31532,1.04834,0.665130,-0.672193,-1.21640,0.881461,0.296697,0.0136841,0.257331,1.34038,0.409751,-0.0263671,-0.673340,-0.430217,0.784240,0.248985,-0.234249,-0.595428,0.678252,0.484286,-0.736933,-0.954221,-0.515873,1.84937,1.95313,2.87067,-0.666274,-0.199922,1.35960,-0.799022,-0.899447,-0.508651,0.782221,0.671192,0.668158,-0.758971,0.665130,-0.498638,0.284584,-1.27964,-1.41021,-0.637148,2.26504,0.0320409,-0.496694,0.424209,-0.412914,-0.954221,-0.142394,-0.350115,-1.66659,-1.50326
20,2050,-0.727799,-0.176823,-0.0228799,-0.312381,-1.05884,-1.28720,1.29552,1.92233,-1.57278,1.09503,1.14041,-0.113031,-1.41999,0.199948,-0.561118,0.0962859,0.679724,2.16354,0.976045,0.321551,-1.23594,-0.870559,0.878814,-0.549606,0.0662478,-0.746962,0.222511,0.349460,-0.637514,-0.878533,-0.747476,0.702308,2.09882,1.98612,-0.544913,0.0364811,1.46683,-0.613398,-0.976662,-0.764904,1.03045,0.891690,0.143800,-0.463886,0.418128,0.0444550,0.150745,-1.50050,-1.13408,-1.05795,1.29436,-0.252576,0.579021,0.895677,-0.296050,-0.689151,0.0303652,1.15483,-1.53574,-1.58224
21,4079,-1.35437,0.560203,-0.103988,-0.222419,-0.865184,-1.07398,1.12004,2.13964,-1.12138,1.17454,0.779506,-0.727271,-1.35121,1.12385,-0.509889,-0.248776,1.01567,2.26332,0.426319,0.329066,-0.826176,-0.753628,0.270285,-0.143345,0.00776663,-0.206198,0.286099,0.529791,-0.524649,-0.936105,-0.351746,-0.0521071,1.85699,1.92472,-0.142997,-0.342042,1.76737,-0.522491,-0.893650,-0.123070,0.710977,0.148617,0.132173,-0.240666,0.429482,-0.773903,0.854361,-1.11250,-1.53782,-1.54233,2.03516,-0.333932,0.281882,0.252021,-0.556278,-0.747546,-0.0976622,1.14210,-1.73708,-1.48556
22,3719,-0.487376,-0.00923434,0.544848,1.48904,-0.245929,-1.08042,0.251547,1.75914,-1.46288,0.526357,-0.451726,-0.856485,-1.39807,0.316276,-0.709377,-0.803388,0.559432,1.83763,0.518920,0.558678,-1.50664,-1.61832,0.293679,0.461717,-0.223243,0.690267,-0.111432,0.189304,-0.373945,-1.68296,-1.11611,0.0923434,1.75046,1.45210,0.258029,0.517123,1.10714,-1.22355,-0.0563374,0.154675,0.0992253,0.120046,0.622629,-0.235476,1.48957,-1.53059,1.02612,0.00461717,-1.57307,-0.717970,1.95950,0.0161601,0.980747,0.189304,0.0133418,0.288573,0.193211,0.877262,-1.95226,-1.78223
23,2398,-1.06128,1.15647,0.0316322,-0.763577,-0.716910,-0.908569,1.57633,0.459337,-1.13215,0.768361,1.32719,-0.360821,-1.04025,-0.00346619,0.168939,-0.211435,0.114681,0.960219,0.511098,-0.0971985,-0.485482,-0.374002,1.03043,0.472518,-0.00823103,-0.663986,0.798999,0.648266,-0.601750,-0.549750,-0.478838,2.28126,2.50758,2.54781,-0.440083,0.0507228,0.868760,-0.683026,-0.587355,-0.0971985,0.399260,1.07299,0.600790,-0.160175,0.165617,-1.17512,-0.401327,-1.23370,-1.58283,-0.677167,1.74797,-0.871955,-1.18973,0.843054,-0.403541,-1.30840,-0.148860,0.510597,-1.57065,-1.63207
24,1285,-1.32143,0.704025,-0.0272844,-1.10609,-1.32613,-0.997187,0.996759,0.959785,-1.43652,0.484567,0.705517,0.0852529,-1.47997,-1.27275,-0.0848281,0.133105,0.684379,2.10163,0.979144,0.572021,-0.342013,0.251909,1.09658,1.29310,0.110116,-0.267860,0.792420,0.0126502,-0.0225870,-0.617673,-0.192869,1.12314,1.68259,2.13628,0.427194,-0.172157,0.798292,-1.20344,-1.07247,-0.490618,0.489435,-0.129255,0.484737,-0.190307,0.485912,-0.0731529,1.16587,-1.20344,-1.56687,-0.0335515,1.42540,-0.538470,-0.485285,0.189207,-0.226926,-0.418016,-0.690799,1.08189,-2.04836,-2.41459
25,10185,-1.09893,-0.634561,-0.0909961,0.0942155,-1.07816,-1.37072,0.103881,0.340424,-1.81773,-0.363732,-0.103775,-0.472063,-1.45833,0.0671326,-0.800221,-0.523767,0.623021,1.84476,-0.00314167,-0.193848,-1.48708,-0.934934,0.183749,-0.683802,-0.0878014,-0.179076,0.0607525,0.104064,-0.474361,-1.31902,-0.643680,-0.486836,1.61977,2.87144,0.508011,0.675267,1.50795,-0.112599,0.0575577,1.09382,0.637397,1.18738,0.790743,-0.595167,0.883389,-1.44459,0.680525,-0.331725,-1.38964,-0.927548,2.08779,0.557087,1.29870,0.901778,0.421754,-0.331725,0.316329,1.70442,-1.24748,-0.536077
26,5892,-1.50114,-0.358214,-0.0569122,1.75942,-1.09113,-0.931145,0.473455,0.0532842,-1.65005,-0.462671,-0.375132,-0.203111,-1.49910,0.423632,-0.856542,-0.826688,0.0614003,0.164072,0.0899586,-1.18754,-1.57254,-1.76047,-0.293537,-1.17488,-0.420009,-1.28250,0.481614,-0.731727,-0.911619,-1.08308,-1.18088,-0.228433,1.13029,2.00315,-0.283338,1.13267,0.895708,-0.991287,1.13641,1.76575,-0.0977097,0.977571,1.10174,-0.684246,0.681521,1.35425,1.12825,0.600893,0.263348,-0.0321807,2.41541,0.755996,0.873269,0.578735,0.424498,-0.155630,0.956904,0.699019,-0.324135,-0.174622
27,2668,-1.57256,-0.369493,-0.235180,1.29795,-1.37123,-1.56906,0.401153,0.257665,-1.30113,0.265132,0.0668087,0.128252,-1.24540,0.845004,-0.718721,-1.41724,0.190840,-0.232613,-0.0698052,-0.946876,-1.64626,-2.09915,-0.177658,-0.909545,-0.204622,-1.03398,-0.152493,-0.357049,-0.734899,-1.18828,-0.747482,-0.322207,1.04108,2.25860,-0.382579,1.50203,1.29274,0.125763,1.10759,1.01424,-0.0320566,0.613553,1.22443,-0.727869,0.598884,0.882335,1.34846,0.155628,-0.0698052,-0.401846,2.75595,0.840026,0.620455,0.785274,-0.0644126,-0.698004,0.717522,0.737989,-0.639629,0.563778
28,1726,-1.30626,-0.267742,0.198901,1.79470,-1.38860,-2.25144,-0.210901,0.0209998,-1.05923,-0.374614,-0.208986,0.444738,-1.17030,0.474737,-0.398568,-1.39458,0.411462,0.332241,-0.362184,-0.839601,-1.67776,-1.16397,-0.117068,-0.552734,-0.636024,-1.23709,-0.408143,-0.715854,-0.676238,-0.918348,-0.961568,-0.370864,1.09702,1.86782,-0.197497,1.64283,1.12383,0.553484,1.53555,0.731604,0.191241,0.639732,1.61789,-0.297741,0.401887,1.18909,0.995527,-0.513360,-0.597724,-0.747728,2.54282,1.17034,0.503381,0.860976,0.426782,-0.734604,1.03766,0.334116,-0.706877,0.322866
29,2607,-1.00308,-0.429709,0.0653271,1.04329,-1.23340,-1.41923,0.278582,0.376936,-1.28884,-0.176693,-0.109542,-0.131601,-1.71962,0.221619,-0.642680,-1.08605,0.163424,-0.600057,-0.0562283,-1.11861,-1.87316,-2.14571,-0.122337,-0.993359,-0.467811,-1.10358,0.438524,-0.564985,-0.821814,-1.12613,-0.911381,0.128930,1.27022,2.19314,-0.0285052,0.913029,1.32993,-0.0163664,0.798925,1.57688,-0.327062,1.00572,0.894890,-0.364577,1.02924,1.31385,0.984457,0.0212103,0.137834,0.306793,2.87176,0.963131,0.621923,0.727651,-0.156458,-0.883134,0.280715,0.655003,-0.403834,0.712620
30,2014,-1.16326,-0.425290,1.33434,0.0540909,-0.878339,-1.69080,0.644568,0.589245,-0.812518,0.149701,-0.277832,-0.888736,-0.719646,0.298429,-0.646612,-0.482391,0.733833,1.51746,1.00704,0.0182369,-0.533904,-0.431930,0.848344,0.659625,-0.0424983,-0.412011,1.22344,-0.182280,-0.643005,-1.00028,-0.686285,2.23322,2.02772,1.99552,-0.472591,0.170948,0.296527,-1.03746,-0.568167,0.359514,-0.161518,0.724693,1.01605,0.379432,0.335298,0.771170,1.29917,-0.370845,-1.78271,0.0514350,1.65263,0.177588,-0.482509,0.411303,0.147752,-2.01349,-0.771041,0.444501,-1.92427,-2.07059
31,4448,-1.05984,0.00204259,0.306428,-1.09374,-0.913995,-1.55335,0.854802,0.946075,-1.19752,-0.367108,0.784796,-0.651630,-1.35736,-0.470703,-0.535967,-0.143867,0.797631,1.80548,1.03682,0.387243,-0.541801,-0.101553,1.48368,1.27437,0.346098,-0.00963015,0.939975,0.725752,-0.561636,-1.14918,-0.384289,1.14889,2.11256,2.26218,-0.0190959,-0.391912,0.805798,-1.28050,-0.777485,-0.327712,0.130248,0.609025,0.559613,0.150870,0.180419,0.703866,0.944642,-0.0709120,-1.59538,0.391620,1.48718,-0.307285,-0.743649,0.711161,-0.447294,-0.904053,-0.864991,0.149411,-1.77039,-2.44485
32,2547,-0.837308,0.216167,0.670966,-0.566640,-1.04629,-1.78909,0.611859,0.588933,-0.906970,0.216167,0.0957318,-0.905418,-1.45476,0.126265,-0.340179,0.320322,1.09843,1.88265,1.34753,0.653619,-0.384509,0.227131,1.33064,1.29061,0.301549,0.0517119,0.630858,0.785183,-0.895359,-1.44922,-0.482669,1.49673,1.58290,1.42217,-0.125918,-0.549098,0.734294,-1.40646,-0.917524,-0.00420293,0.448261,0.552753,0.692075,-0.142345,0.302605,0.420092,1.52590,0.0615792,-1.48220,0.280853,1.47102,-0.383547,-0.358123,0.308262,-0.532276,-1.30450,-1.13284,0.166831,-1.94767,-2.56751
33,14612,-0.562513,-0.401073,0.844736,-0.525023,-0.778769,-1.03374,0.586283,1.19995,-0.632137,-0.253882,0.752959,-0.311984,-0.789318,0.696401,-0.529811,0.528552,0.461804,2.26902,1.20657,-0.191907,-0.500273,-0.846519,1.62431,0.192854,0.370027,-0.574087,1.16332,-0.184161,-0.738683,-0.899456,-0.340982,1.03081,3.01363,2.57502,-0.125780,-0.469504,0.293018,-0.878797,-0.918017,0.137335,0.0430051,1.60279,0.280360,0.673161,-0.275577,-0.633480,-0.158483,0.172196,-1.41593,-0.0834511,1.19075,-0.698037,-0.817801,0.423970,-0.480230,-1.62121,-1.17963,-0.331351,-1.58683,-1.56440
34,4404,-0.595279,0.251895,0.171884,-0.440860,-0.807867,-0.834500,0.978074,-0.332091,-0.995806,-0.174117,1.33239,-0.547039,-1.03894,0.105575,-0.0232442,0.238947,0.552899,1.40174,0.769594,-0.241450,-0.986563,-0.895359,1.41865,0.336062,0.514900,-0.772346,1.18963,0.374908,-0.771922,-0.891474,-0.548038,2.30167,2.46721,2.73027,-0.218373,-0.0990142,0.181127,-0.828026,-1.05332,-0.220732,0.538521,1.53123,0.0322134,0.237652,-0.0468651,-0.813782,-0.00989333,-0.404603,-1.45179,-0.0808860,1.77810,0.158665,-0.978347,0.938176,-0.115674,-1.66969,-0.765760,0.246716,-1.51752,-1.60754
35,1373,-1.30564,0.201146,1.08134,-0.758545,-0.750047,-1.85812,0.804691,-0.790417,-1.12387,-0.122883,-0.105288,-0.703655,-1.11472,-0.0520569,-0.620866,0.121467,0.696088,0.765982,0.949876,0.181669,-0.333926,-0.857702,0.514321,-0.0803872,-0.295057,-0.333590,1.12478,-1.14278,-0.171593,-0.482324,-0.505404,1.49195,2.41887,2.12761,-0.472252,1.24760,-0.324780,-1.73240,-0.255046,-0.213186,-0.752333,1.54507,0.962451,0.778377,0.890430,0.849203,0.821839,-0.252140,-1.68975,-0.291094,1.55348,0.778377,0.257103,-0.232663,0.307404,-1.68636,-0.690601,1.42820,-1.87152,0.0736591
36,5195,-0.700933,0.793830,1.80731,0.247035,-0.837049,-1.22204,-0.367910,-0.264558,-0.267475,-0.635346,-0.219900,0.563848,-0.950700,0.969837,-1.17404,0.359680,0.172590,0.878314,0.107836,0.366720,-0.899161,-0.217623,0.0655474,1.61989,0.238666,0.193060,0.846564,0.0944960,-0.455131,-0.231704,-1.03528,1.01912,2.70198,0.838419,-0.151182,1.10830,0.225451,-1.22438,-0.305799,-0.344348,-0.0983208,0.265809,0.273026,0.207140,0.158054,0.176633,1.24698,-0.792579,-1.79911,-1.00848,2.30023,0.308051,0.345709,-0.386590,-0.122108,-2.30155,0.0351525,1.35940,-1.14100,-2.74039
37,1630,-0.762004,0.308908,1.94068,0.750297,-0.652876,-0.727482,-0.0590515,0.783352,-0.285810,0.678352,-0.0477136,0.802797,-0.732242,0.627797,-1.50039,0.425574,0.575873,1.27724,0.761532,0.855297,-0.985928,-0.118870,-0.0278722,0.715297,-0.570676,-0.513593,1.01522,-0.272482,-0.905145,-0.441648,-1.10639,0.511130,2.15326,0.872797,-0.757752,1.22474,-0.386435,-1.21359,0.520601,-0.0955370,-0.148338,0.0172408,0.0826727,0.118352,0.648152,0.542241,1.26607,-0.490259,-1.23536,-0.179148,2.14051,0.110574,0.436983,-1.10082,0.130859,-1.37887,-0.0718067,-0.309426,-1.43661,-3.78026
38,115,-0.672548,0.375077,3.09164,-0.407624,-0.980415,-0.838505,-0.881853,0.918620,-0.709093,-0.771303,-0.567341,-0.494591,0.0938000,-0.781186,-0.738994,1.47402,-0.338101,1.53925,-0.117721,1.41473,-0.850845,-0.451107,-0.204101,1.75469,-0.459919,-0.0202265,-0.0557042,-0.150677,-0.235109,-0.698172,-0.755605,0.384960,1.42162,0.367171,-0.470994,1.66772,-0.0645637,-0.793045,0.154709,-1.69038,-1.11663,0.274275,0.805883,0.155684,0.815850,-1.16858,1.86349,-0.522262,-0.982630,0.137895,1.90889,-1.04802,0.00963466,-0.142771,0.485833,-1.65085,0.440428,1.70725,-0.889605,-0.542027
39,721,-0.100216,1.76958,1.59018,0.444909,-0.368953,-0.608126,-0.377351,1.60730,-0.851238,-0.0189910,-0.394147,0.667158,-1.23035,0.0762584,-1.17756,0.737713,-0.180597,0.159161,0.286092,0.582491,-0.979608,-1.49007,1.17628,1.81191,0.304088,0.108008,0.379670,-0.294156,0.0869396,-0.613418,-0.811648,1.89305,2.10486,0.896462,-0.275375,0.162688,-0.00903770,-1.26782,0.0905387,-0.156573,-0.229785,-0.267698,0.235704,-0.814500,0.737186,-1.09496,1.44022,-0.472308,-1.49789,-0.936207,2.45758,-0.562265,-0.0774215,-0.0436853,-0.707272,-1.83402,0.110934,0.901753,-1.73183,-1.34366
40,2165,-0.741916,0.263433,1.92638,0.416804,-1.01444,-1.83994,-0.782591,0.603040,-0.556166,-0.407017,-0.0517934,0.243714,-0.908684,-0.645838,-1.31950,1.88259,-0.359569,0.594276,0.110907,0.333545,-0.816487,-0.674321,-0.0328116,1.91327,-0.275507,0.0202305,0.302081,-0.205444,-0.610400,-0.520950,-0.952071,0.925119,1.94265,0.861580,-0.138567,0.999614,0.180055,-0.435500,-0.104671,-1.55292,0.0146428,0.0728148,0.795607,0.0487137,0.525795,0.0925340,1.63623,-0.726905,-1.74253,-0.626119,2.44160,0.493489,-0.207715,-0.330332,0.988136,-1.18045,0.371229,1.67225,-0.619891,-2.29129
41,166,-0.683043,0.302713,1.67458,1.27692,-1.05188,-0.978697,-0.895495,1.09807,-0.837956,-0.284337,-0.349611,-0.128632,-0.104702,-0.113903,-1.35286,1.38213,0.458886,0.919221,-0.591571,-0.109695,-1.09024,-0.105487,-0.271417,1.61779,0.467738,0.0186566,0.450034,-0.665183,-0.914674,-0.0402588,-0.793695,1.06651,2.72799,1.31269,-0.305351,0.353212,-0.137160,0.0586349,-0.0235568,-0.991322,-0.573866,0.0375937,0.683141,0.104926,0.634454,-0.612580,1.98146,-0.884012,-1.22893,-0.507374,1.56098,-0.187547,0.666912,-0.982905,-0.203551,-2.15490,0.455935,1.57360,-0.352562,-2.37583
42,767,-0.835862,0.289366,1.95572,0.0373216,-1.00384,-1.35861,-0.831028,0.900087,-0.897494,-0.486154,-0.221956,0.0203572,-0.566372,-0.997512,-1.06185,1.11093,-0.0201411,0.967945,0.0451166,0.219084,-0.663050,-0.362556,-0.150656,1.59078,-0.353680,0.301483,0.225179,-0.873914,-0.549453,-0.529777,-0.913205,1.19818,2.20225,1.41872,-0.269087,0.245743,0.230013,-0.442531,-0.556704,-1.85058,-0.185702,0.391153,0.912802,0.175461,0.520048,0.0470156,1.87112,-1.02659,-1.47152,-0.173523,2.11403,0.679549,-0.579665,-0.537048,1.04453,-2.05658,0.602224,2.13607,-0.591750,-1.03386
43,2151,-1.25135,-0.0127623,1.31242,0.902207,-1.01597,-0.981222,-0.404770,0.617863,-0.564215,-0.204202,-0.371869,0.0238365,-0.109924,0.705136,-1.12480,0.274397,0.517731,1.09083,0.154552,0.806487,-0.938784,-0.454763,-0.0567759,0.899391,-0.342764,0.209646,0.581003,-0.0521763,-0.748968,-0.733476,-0.860327,0.668538,2.18051,1.01482,-0.536375,1.65107,0.291219,-0.451947,-0.0314672,-1.30216,-0.141560,0.215276,0.970757,0.251875,0.548102,0.274397,1.59588,-0.941808,-1.88280,-0.984037,2.16026,1.40333,0.603781,-0.722215,0.506342,-2.21713,0.357021,0.657277,-1.39687,-2.60846
44,1977,-0.715989,0.862105,1.98606,0.839561,-0.719555,-1.41264,-0.0253203,0.388669,-0.381948,0.0144283,0.179146,0.327798,-1.28303,1.26791,-1.15583,0.465320,0.503677,1.64891,0.809188,-0.576240,-0.836054,-1.25934,0.136351,0.904940,-0.554318,-1.04066,0.911421,-0.438718,-0.267827,-0.350794,-0.691025,0.426994,2.39856,2.36132,-0.311811,-0.152402,-0.341530,-1.00684,-0.309434,0.0978433,0.0127199,0.616369,0.173202,-0.0419332,0.287323,-0.905391,0.771148,-0.402647,-1.97488,-0.0622233,2.32486,0.647931,0.264737,-0.404901,0.152993,-0.226799,-0.181048,0.199294,-1.16177,-2.78786
45,1395,-0.579965,0.117159,1.90358,0.627895,-1.05154,-1.04017,-0.831285,0.834202,-0.747982,-0.509309,-0.341352,0.129739,-0.674563,-0.745808,-1.14896,1.42293,0.0822202,0.720985,-0.145097,-0.126887,-0.821401,-0.675361,-0.164864,1.46570,0.133049,0.00394221,0.226235,-0.879153,-0.745158,-0.501762,-1.02895,0.582608,2.53329,1.90096,-0.167688,0.361206,0.206468,-0.0136694,-0.361119,-1.08043,-0.130978,0.564997,0.638512,0.268116,0.758524,0.343594,2.00242,-0.944567,-1.53724,-0.380997,1.88099,0.436684,-0.462777,-0.833866,0.394252,-2.35098,0.572153,1.95883,-0.390769,-1.65658
46,1233,-0.421606,1.67399,2.09695,0.678372,-0.900759,-1.70787,-0.296401,0.782322,-1.01994,-0.460462,-0.0616399,0.380381,-1.06449,0.923233,-1.30647,0.786942,-0.0471931,0.696852,-0.191661,0.0893199,-0.987439,-1.65012,0.843693,1.58620,0.0792164,0.00615964,0.545126,-0.252561,-0.0447853,-0.245631,-0.634697,1.18657,2.09093,1.71557,-0.446888,-0.109341,0.505397,-1.18580,0.220073,-0.402712,-0.0508048,0.220990,0.456037,-0.806963,0.305550,-0.601372,1.42879,-0.455842,-1.35704,-0.772313,2.39672,-0.532072,0.0358760,-0.0469705,-0.670814,-1.76100,-0.109796,1.41757,-1.39195,-1.15346
47,1095,-0.553805,1.21455,2.04462,0.620747,-0.724889,-0.649164,-0.745361,-0.0289066,-0.379797,-0.393418,0.170012,1.24100,-1.10508,0.608988,-1.27177,1.00584,-0.106355,0.603109,0.349869,-0.0289066,-0.754135,-0.722654,0.390812,1.61433,0.137842,0.0122479,0.165625,-0.672681,-0.178005,-0.663862,-1.09045,0.0563420,2.37363,1.41444,-0.142911,0.782425,0.601377,-0.825540,0.130531,-0.572734,-0.0464024,0.335605,-0.0142327,-0.425754,0.00477661,0.218020,1.35298,-0.910789,-1.95611,-1.27236,2.40142,0.397336,-0.451447,-0.472787,0.0427953,-1.96611,0.137842,1.79659,-0.783380,-2.31592
48,2852,0.443613,1.89772,1.67212,-0.180910,-0.574753,-0.238039,-0.0574878,1.33082,-1.01493,-0.257815,-0.360884,0.467288,-0.817221,0.216798,-1.20144,-0.172121,-0.282548,-0.343509,-0.0450536,-0.508305,-1.06218,-1.34986,0.503298,1.45607,0.0618811,0.177247,0.222283,0.188234,-0.227837,-1.00929,-0.477766,1.69996,2.32367,2.13942,0.0208480,0.234376,0.294402,-0.725836,0.0419863,0.293703,-0.316121,0.333254,0.272020,-0.150148,0.652509,-1.04884,1.61243,-1.18067,-1.71000,-0.183107,2.15581,-0.725836,0.456047,0.355227,-0.968920,-1.77394,0.165086,0.698003,-1.78088,-1.63991
49,2158,0.142431,1.31698,1.79260,0.260277,-1.04219,-0.986462,-0.350039,0.878425,-1.12520,0.0326476,-0.169429,0.103651,-0.880651,0.961958,-1.18354,0.0201176,-0.0808069,0.358429,-0.246833,-0.0237375,-0.905331,-1.43128,0.651729,1.21465,0.0504438,-0.00494247,0.522722,0.124535,-0.0258387,-0.458112,-0.495873,1.60517,2.47466,2.27344,-0.292827,-0.190805,0.254612,-1.64220,-0.420713,-0.268073,0.0751234,0.469110,0.629293,-0.103094,0.310702,-1.46678,1.40894,-0.886221,-1.40004,0.0451777,2.35238,-0.107271,0.340990,0.0994745,-0.622637,-1.75497,-0.264782,1.14364,-1.49989,-1.58373
50,1075,-1.12108,0.590323,1.67106,0.787998,-1.08333,-0.616005,-0.495511,0.549774,-0.587189,-0.552647,-0.188120,-0.131953,-0.542698,0.230452,-1.34488,-0.0711300,0.286449,0.526965,-0.472591,0.309015,-1.12378,-0.899847,-0.217780,2.06022,0.433404,0.610597,0.937633,-0.230791,-0.604715,-0.524770,-0.909410,0.871630,2.63368,1.48240,-0.167896,0.810807,-0.0937451,0.200040,-0.202950,-0.859298,-0.643813,-0.207982,1.00504,0.309015,0.275663,-0.765529,1.43108,-1.14821,-1.59969,-0.963204,1.74925,0.415456,0.440145,-0.192776,0.255440,-2.92475,0.728661,1.69274,-0.448323,-1.35856
51,992,-0.495200,1.60397,2.41604,1.30330,-0.388020,-0.946512,-0.204076,0.239565,-0.346017,0.0550182,-0.376433,0.324581,-1.28312,0.154549,-1.32947,1.62678,-0.372088,0.341170,0.256508,0.142108,-1.05427,-1.36537,0.918416,2.34216,0.512870,0.108931,0.0392512,-0.378356,-0.448852,-0.309929,-1.00213,0.973606,1.69764,1.31989,-0.509684,0.544379,0.217402,-0.844907,0.459280,-0.307855,-0.227250,0.102710,0.499835,-0.917482,0.411484,-0.900894,1.21099,-0.247722,-1.52934,-0.934071,2.34941,-0.278825,-0.742872,-0.867717,0.0522865,-1.78008,0.470867,0.511202,-1.20346,-1.61420
52,575,-0.816811,0.896973,2.17213,0.186631,-1.02047,-1.12300,-0.857771,1.49416,-0.717824,-0.726966,-0.660935,-0.196829,-0.121628,-0.622196,-0.829326,1.81895,-0.294571,0.557518,-0.342357,0.295592,-0.813397,-0.814973,-0.233131,1.89858,-0.552846,-0.228260,0.555350,-0.232450,-0.457273,-0.722775,-0.604046,0.920023,2.23471,1.24691,-0.408348,0.519800,-0.0601883,-0.588669,0.194674,-1.69295,-0.786091,0.312355,1.24712,0.197108,0.352825,-0.613814,1.70109,-0.458754,-1.30378,-0.372843,2.20740,-0.942793,0.00694056,-0.800305,0.629305,-1.64266,0.348274,1.96354,-0.769024,-0.527903
53,3647,-0.558837,1.11393,2.22608,0.750746,-0.739387,-1.42370,-0.153220,0.394587,-0.511845,-0.0576418,-0.132197,0.242282,-1.03000,0.898364,-1.18458,0.00328018,-0.130960,0.851501,0.178200,-0.0201513,-0.720837,-0.955069,0.122551,1.31076,-0.0159525,-0.676234,0.797756,-0.280241,-0.568730,-0.338820,-0.539051,0.685138,2.48082,2.26677,-0.119830,0.811668,-0.106227,-1.37918,0.0335131,0.0384275,-0.148273,0.722628,0.228902,0.139183,0.369879,-1.96262,1.11063,-0.589537,-1.73241,-0.0435829,2.37076,0.469568,0.310520,-0.362252,0.0211467,-1.34638,-0.422807,0.828070,-1.43561,-2.09150
54,1698,-0.0629810,1.06223,1.36459,1.07519,-1.57313,-1.28895,1.50315,0.723879,-0.331700,-0.514341,0.321903,0.507910,-1.19944,0.729638,0.0727780,0.218512,0.195941,1.20909,0.384884,-0.374682,-0.958710,-0.482666,0.272918,0.474795,-0.656402,-1.10898,0.349894,0.539586,0.0195941,-0.816697,-1.22323,0.962884,2.07837,1.45529,0.969907,-0.266697,0.520643,-1.40557,-1.23303,0.588538,1.17564,0.722439,0.382085,0.510790,-0.214135,1.28540,0.288313,0.0155017,-1.65150,0.420083,1.46396,-0.662640,-0.361091,-0.554656,0.445066,-1.91670,-0.517844,-0.586331,-1.82645,-2.52285
55,13519,-0.503748,-0.0292626,1.49595,0.822403,-0.552471,-1.32904,1.42286,0.924603,-0.690521,-0.451165,-0.168773,0.458152,-0.304793,0.570834,-0.286522,0.209204,0.204774,1.22596,-0.118019,-0.259867,-0.544351,-1.08533,0.785397,0.439809,-0.446903,-0.912375,1.60558,-0.152427,-0.560592,-0.634601,-0.475325,1.78413,3.31090,2.00687,0.103267,0.107004,-0.239828,-1.27925,-0.276371,1.02680,-0.436753,0.342850,0.227106,0.450291,-0.392089,0.481737,-0.361637,-0.854723,-1.60612,-0.233662,1.19549,-0.621498,-0.493597,-0.0869138,0.426061,-1.93437,-0.682401,1.06349,-1.63657,-2.04968
56,21490,-0.640005,-0.307952,1.74171,-0.186791,-0.608098,-1.09550,1.05854,0.845606,-0.630620,1.34287,0.00750739,0.785025,-0.446689,0.345815,-0.294665,0.779977,0.311557,1.28229,-0.324694,0.0479598,-0.640005,-0.908711,0.411029,0.388726,-0.692556,-0.643670,0.472965,-0.739590,-0.506749,-0.451831,-0.521763,1.28734,3.47029,1.34540,-0.418537,-0.267565,-0.275896,-1.40850,-0.487980,0.138831,-0.609975,0.484646,1.02288,1.49433,0.0656896,-0.227178,0.0656896,-0.752211,-1.44330,-0.850655,1.34945,-0.497267,-0.818305,-0.363484,0.803290,-1.54733,0.0581822,1.81995,-1.47896,-2.14052
57,10140,-0.804618,-0.302051,1.31132,0.612815,-0.689673,-1.20820,1.24329,1.29969,-0.560652,-0.695589,0.297920,-0.239608,-0.706094,1.02959,-0.331934,0.535850,0.741281,1.81812,0.516082,-0.602650,-0.463301,-0.762389,0.959443,0.0145217,-0.100871,-0.834997,1.72536,-0.0377564,-0.659177,-1.06008,-0.356566,1.36213,2.85135,2.42948,0.0715477,-0.355781,-0.0633373,-1.00054,-0.835114,0.519876,0.233410,0.768197,0.0433978,0.707206,-0.316687,-0.0130695,0.00351874,-0.335451,-1.53534,-0.444364,1.43916,-0.267199,-0.912526,-0.318025,-0.477376,-1.73099,-1.01574,0.840806,-1.60806,-1.72953
58,716,-0.0482476,1.30095,1.31759,0.664681,-1.62457,-1.41440,1.29070,0.729939,-0.706592,-0.0480599,0.568371,0.717703,-1.42243,0.665701,-0.00373977,0.340430,0.421866,0.839043,0.296688,-0.897435,-0.664866,-0.249952,0.439484,0.712605,-0.344039,-0.691464,0.693549,0.833944,-0.606449,-1.59284,-1.07842,0.540283,1.63656,1.31828,-0.0315571,-0.588479,1.00603,-1.48068,-1.69874,0.591266,1.15439,0.952225,0.468228,0.429140,0.00553269,1.04807,0.687058,-0.133711,-1.28983,0.491339,1.58649,-0.626206,-0.145608,0.469926,0.729712,-2.00784,-0.953239,-0.680248,-1.68391,-2.23421
59,23997,-0.528403,0.406343,1.41886,-0.132004,-0.770238,-1.16077,0.589910,1.59007,-0.582920,-0.00580409,0.798195,0.812100,-0.630449,0.885584,-0.450121,0.427110,0.564748,1.78656,0.244631,-0.868438,-0.501843,-0.376417,0.539586,0.399953,-0.342483,-0.882815,1.17982,0.173112,-0.608082,-0.810929,-0.430550,0.821685,3.43322,1.92074,-0.205490,-0.181526,0.0670987,-1.28538,-0.914220,1.33767,-0.166349,0.786541,0.462702,0.435097,-0.206888,-0.333285,0.110433,-0.739043,-1.56564,-0.255009,1.13229,-0.667156,-0.679375,0.259376,0.630449,-1.87005,-0.911425,-0.473863,-1.67747,-1.99945
60,530,-0.253967,1.19572,1.47345,0.824438,-0.952971,-0.773387,-0.380224,0.628853,-0.404328,1.06643,0.305006,0.885765,-0.605191,0.716701,-0.758994,0.918915,0.811181,0.608963,0.782486,-0.325864,-1.29157,0.00895031,-0.0932769,-0.102102,-0.203465,-0.869522,1.05222,-0.334151,-0.622408,-0.697143,-1.22041,0.335477,1.23816,0.713386,-0.469752,-0.627528,0.187931,-1.61705,-1.89301,0.149837,-0.683240,0.438242,0.956950,0.360339,0.298119,-0.180004,1.18306,-1.72976,-1.36732,1.00013,2.18853,1.10455,1.32654,0.348737,0.604579,-1.68004,0.0215020,0.519459,-1.22959,-2.88835
61,3376,-0.780936,0.812254,1.47542,0.192901,-0.616049,-1.03756,0.293000,1.08279,-1.06298,0.313751,0.122689,0.869932,-0.862295,0.661192,-0.965350,0.381042,0.718236,1.52087,0.365681,-0.264403,-1.14868,0.808134,0.591316,0.872679,-0.596523,-0.622831,0.792001,0.353576,-0.390414,-0.364653,-0.574827,0.332977,2.06120,1.56756,-0.135490,-0.286376,0.501279,-1.81759,-1.14976,0.747709,-0.568319,0.273925,0.735593,-0.155914,0.473075,0.126983,1.29643,-1.36578,-1.44482,0.698271,2.45932,-0.107849,-0.211424,-0.361907,0.349409,-2.06616,-0.254816,-0.642058,-1.47194,-2.52346
62,4020,-0.548276,0.691183,1.19926,-0.169450,-0.647915,-1.40887,0.0561341,1.59197,-0.760695,0.186582,0.395567,0.622921,-0.898658,0.938799,-0.697188,0.284290,0.560904,1.43671,0.0725583,-0.781128,-0.886613,-0.271173,0.495207,0.478367,-0.457395,-0.481312,1.42044,0.240120,-0.628206,-0.508081,-0.344616,0.784875,2.71576,1.64283,-0.219792,0.169182,0.0659886,-1.94961,-1.12093,1.32294,-0.379654,0.581429,0.765658,0.178551,0.107597,-0.384942,0.652879,-1.05953,-1.58628,0.0969047,2.02922,-0.0730803,-0.0894936,0.111628,1.00436,-1.88938,-0.578934,-0.168111,-1.69687,-2.21462
63,3204,-0.535624,1.00120,1.30457,-0.0229509,-0.536722,-1.19147,0.113273,1.42073,-1.00116,0.254679,0.190131,0.735905,-0.817802,0.972816,-0.935284,0.660637,0.713861,1.08634,0.180249,-0.415335,-1.24162,0.386708,0.549166,0.596473,-0.448885,-0.630036,1.34190,-0.00444221,-0.470844,-0.502943,-0.365440,0.742075,2.22686,1.39481,-0.180982,-0.110559,0.258205,-2.12307,-1.29981,0.970349,-0.558682,0.690251,0.774249,-0.109325,0.229658,-0.600422,0.915886,-1.42838,-1.47109,0.880273,2.51562,0.0634230,0.0353177,-0.493072,0.325181,-1.94168,-0.358852,-0.188295,-1.45133,-2.09469
64,4730,-1.25175,-0.469988,1.45445,-0.449989,-0.768299,-2.18994,0.285476,0.345991,-0.486915,-0.247994,-0.154541,0.375990,-0.0204589,0.625984,-0.751303,-0.419989,-0.0752250,-0.399990,-0.507688,-1.48196,-1.19699,-1.66596,-0.426483,-0.939976,-1.31407,-0.813979,1.17495,-0.891977,-0.917490,0.0259993,-0.637994,1.21597,3.03700,1.75196,-0.0280128,0.341991,-0.299955,-1.76796,-0.0620056,0.467988,-0.0110165,1.01397,0.653731,0.891977,-0.0790020,1.00197,0.438443,1.11197,-0.596447,0.245994,1.59797,1.15197,0.757597,0.181995,1.50733,-0.409990,0.0513036,1.32197,-1.37261,0.0759981
65,5818,-1.05927,-0.783170,1.49940,-0.284910,-0.860091,-1.48103,0.453928,1.45234,-0.852163,0.0891542,-0.314069,-0.660453,-0.818470,0.794406,-0.621268,-0.0202559,0.924636,1.75692,0.654103,-0.449025,-0.567756,-0.586527,0.974184,0.114289,-0.0930844,-0.441633,1.79173,0.00635732,-0.636133,-1.06261,-0.264521,1.48931,2.35361,2.00531,-0.503344,0.0240995,0.226006,-0.970941,-0.615323,-0.122273,-0.682708,0.556365,0.552033,0.547494,0.123937,0.356765,1.10697,-0.00694931,-1.61917,-0.104531,1.45480,0.217785,-0.222901,0.893466,0.138801,-2.14784,-0.856127,0.797363,-1.66773,-1.97929
66,5991,-1.39089,-0.253578,1.64364,-0.358101,-0.860860,-2.01336,0.514514,0.373559,-1.00050,-0.177562,-0.113113,-0.131952,-0.806806,0.455277,-0.740740,-0.160458,0.924423,1.06531,0.942441,-0.00842475,-0.605605,-0.521537,0.286286,-0.101545,-0.754254,-0.829405,1.53553,-0.291587,-0.441942,-0.601355,-0.371371,1.34087,2.02502,1.81217,-0.402903,0.386862,0.190190,-1.70740,-0.538038,0.360256,-0.107107,0.776447,0.732231,0.652920,0.373373,1.08622,1.07157,0.0618907,-1.62062,0.0998990,1.57157,0.765045,-0.0125127,0.785949,0.329829,-2.49227,-0.396897,1.19074,-1.97647,-1.56487
67,3381,-0.665219,0.353554,1.61395,0.590637,-0.718679,-2.06792,1.23795,0.450229,-1.00380,-0.760508,-0.253578,-0.0768793,0.0689636,0.659691,-0.189426,0.203938,0.129551,0.429513,0.0475797,-0.772017,-1.02696,-1.20015,-0.383664,-0.518821,-0.868367,-0.376111,1.62286,-0.307057,-0.911134,-0.486596,-0.522659,1.92567,2.61365,1.63795,0.402197,0.249974,-0.405047,-2.06332,0.275675,0.850738,-0.397919,1.46071,0.621383,0.558412,-0.271398,0.719537,0.183011,-0.509614,-1.43861,0.185524,1.38942,0.388080,-0.205464,0.365063,1.28072,-1.39120,-0.392573,0.972733,-1.83243,-1.47176
68,1576,-1.02522,-0.272187,1.42283,-0.736404,-0.731215,-2.28588,-0.843217,-0.738495,-0.635213,-0.562845,-0.421209,-0.636033,-1.02322,0.411592,-0.0512012,0.566331,0.988819,1.20411,0.320806,-0.125812,-0.731215,-1.35327,0.502810,0.0979320,-2.00924,0.304948,1.34683,-0.209455,0.140803,0.204576,0.524810,0.643701,2.51085,1.73315,-0.507210,-0.0902641,0.228804,-1.94086,-0.535211,0.185757,-0.423209,1.25847,0.250805,0.982453,0.926818,0.595606,0.0708012,-0.136268,-1.27523,-0.694583,1.53083,1.04728,1.07882,0.281946,0.112802,-1.91995,-0.451209,1.22502,-1.29523,0.959452
69,3056,-0.543154,-0.236674,1.78527,-0.592980,-0.775781,-2.78480,-0.392377,-0.551951,-1.04072,-0.858590,-0.877016,-0.405109,-0.917941,-0.0811948,0.355043,0.210328,0.794449,0.799853,0.292579,-0.651284,-1.04072,-1.66190,0.139648,-0.569226,-1.29057,0.836563,1.57849,-0.860749,-0.398839,-0.133021,-0.291142,1.22094,3.28657,1.37210,-0.0369758,0.104516,-0.0822087,-1.64462,-0.235139,0.501851,0.195651,1.00284,-0.510845,0.782577,0.309810,1.02011,-0.211446,0.504011,-0.756395,0.110995,0.663058,1.06546,1.13908,0.158502,0.555360,-0.929851,-0.420379,1.36130,-1.27334,0.909984
70,3532,-0.930245,0.300212,0.446453,-0.964473,-1.70125,-1.08733,0.714382,-1.13250,-0.917418,-1.21018,0.0616615,-0.838004,-2.02761,0.283951,-0.626687,0.507981,0.882550,1.47456,-0.0666022,1.07528,-0.542603,-0.510993,0.886825,0.661550,0.165698,-0.957246,-0.0808538,-0.165915,0.301087,-0.239989,-0.924544,0.233364,2.15521,3.18731,-0.853287,-0.400785,0.715807,0.395966,0.650250,0.289372,0.145746,-0.500153,1.38563,-0.615781,-0.126459,0.565795,0.627447,0.236977,-1.18392,-0.156881,2.19939,0.356219,0.399423,1.27041,-0.502699,-2.05391,-0.278950,0.430294,-0.974425,-0.435112
71,7100,-1.23060,-0.490117,-0.0697230,-0.934595,-1.54131,-1.24283,0.878280,1.11579,-1.49107,0.753058,0.239667,0.0292916,-1.50164,-0.483305,-0.172853,0.550403,1.12421,2.54459,0.890180,-0.0882140,-0.425389,-0.370909,1.05677,-0.239779,0.256855,-0.304492,0.574179,0.0531333,-0.257473,-0.406671,-0.667348,0.569136,1.56052,2.15631,0.190746,0.620225,0.597978,-1.12703,-0.950295,-0.0933229,1.34765,0.415868,0.378496,-0.333443,0.489559,-0.340255,1.35823,-1.35523,-1.67353,-0.476493,1.53408,-0.210828,-0.352670,0.814365,-0.383080,-0.158036,-0.265406,1.35421,-1.49503,-2.32082
72,5591,-1.12094,-0.337038,0.201393,-0.376275,-1.11363,-1.09277,0.850382,-0.209092,-1.42412,-0.106735,0.233051,-0.0692046,-1.28775,-0.446219,-0.563269,0.109920,1.39831,2.82067,0.815072,0.428932,-0.710600,-0.203974,1.05372,-0.0231440,0.105202,-0.609990,-0.146845,0.0536236,-0.280782,-0.391629,-0.723994,0.120156,2.14227,2.70978,-0.307570,0.887832,1.50911,-0.323391,-0.667984,0.606350,0.744450,0.532995,0.810201,-0.277330,0.00170454,-0.756701,0.364554,-1.32137,-1.37542,-0.814703,1.88048,-0.558811,0.146601,0.681412,-0.671637,-1.41008,-0.469513,1.56168,-1.39246,-1.18489
73,2126,-1.09735,-0.377336,0.491430,-0.418894,-1.27582,-1.06214,1.36057,0.538750,-1.50874,0.101486,0.748694,-0.330357,-1.39054,-0.111725,-0.172591,0.616446,1.48456,3.21293,1.07085,-0.187614,-1.18658,-0.453225,1.24816,-0.0755875,0.208670,-0.321323,0.177382,0.0653488,-0.603683,-0.762200,-1.15877,-0.202069,1.55525,2.05472,-0.368437,0.298436,0.753330,-0.754973,-1.25496,-0.733290,0.803160,0.0508938,0.746377,-0.0828150,-0.0798831,-0.686312,0.102056,-1.34401,-1.22830,-0.968184,1.45096,-0.109918,0.0116660,1.46748,-0.250234,-0.642947,0.512289,1.93005,-1.14950,-0.711608
74,10502,-1.19326,-0.0840288,0.358732,-0.497792,-1.74721,-1.46385,1.27361,-0.687358,-1.34234,-0.554297,0.0684197,-0.155116,-1.30468,-0.353795,-0.403927,0.0453862,1.51057,2.39673,0.212791,0.845572,-0.819780,-0.769382,1.17945,0.258648,-0.336449,-1.07743,-0.195215,-0.302758,-0.598514,-0.228026,-0.857442,0.127410,2.34698,3.10213,-0.378818,0.738030,1.44152,0.207611,-0.267401,0.437277,0.291254,0.429986,1.05705,-0.413946,0.164144,0.395354,0.539197,-0.193394,-1.01437,-0.0986108,1.47447,-0.674599,-0.402357,0.140169,-0.107337,-1.72997,-0.0759519,1.26116,-0.873134,-1.10112
75,635,-2.07276,0.247767,-0.0782623,1.21817,-1.58431,-2.09064,-0.0782623,-0.181277,-1.07366,-0.758577,-0.102315,-0.145336,-0.698073,0.863254,-0.470501,-1.20559,0.565601,0.917166,-0.165221,-0.237435,-1.49180,-1.10675,0.676612,-0.199248,-0.611115,-1.86376,-0.403894,-0.978715,-0.896043,-1.15393,-0.642568,-0.131858,1.33898,1.76178,0.0660519,1.17100,1.44999,0.0523384,0.954139,1.12607,0.249220,0.739708,1.61835,-0.428371,0.402785,1.35295,0.208516,-0.884370,-0.587062,-0.154322,2.44724,1.24513,0.291774,0.306171,0.360231,-0.666479,0.946738,1.04520,-0.620366,0.139944
76,958,-0.407236,-1.78935,0.106200,-0.0747222,-1.56922,-1.09267,-0.469389,0.401763,-1.22873,-0.251599,0.0926881,0.336787,-0.847710,-0.0386248,-0.615312,-0.294916,0.325085,-0.172185,0.973635,-1.68105,-1.17469,0.520884,0.316978,0.00108221,-0.547755,-1.50057,-1.25035,0.275422,0.152139,-0.139697,-0.391022,-0.0891611,0.730429,1.50995,-0.545053,1.15259,0.443986,-1.00242,-0.496412,0.780784,0.0440468,0.448689,1.22495,0.466738,0.484520,0.347617,2.34370,1.12010,-0.220778,1.92146,2.39234,1.47024,1.06551,-0.385159,-0.955801,-0.995204,1.15739,0.773565,-1.13415,-2.02037
77,13750,-1.13144,0.190089,0.868151,-0.546161,-2.24930,-1.97074,0.709512,-0.785769,-1.01708,-0.600618,-0.0910640,0.00493724,-1.65348,1.17466,-0.275529,0.105137,0.755628,1.38813,0.102624,-0.280414,-0.817854,-0.968743,0.484465,-0.341405,-0.498731,-1.40222,-0.622322,-0.670322,-0.251548,-0.565766,-0.954358,0.444945,2.37154,2.92380,-0.400964,0.784752,0.901355,0.636631,0.512135,0.131276,-0.107666,-0.169323,1.42523,0.0397893,0.0675754,1.13109,1.23155,0.383954,-0.574361,-0.345762,1.52300,0.327319,0.425437,0.976439,0.0306825,-1.93807,0.292622,0.438410,-1.05581,-0.496061
78,4324,-0.762562,-0.627555,2.17986,0.400800,0.0195530,-1.37230,-0.487303,1.28021,-0.572728,1.66380,-0.717002,1.04760,-0.483506,0.974149,-0.0905506,-0.309255,-0.141806,-0.378628,-0.568932,-0.798947,-0.456930,-1.03359,-0.179772,0.761949,-0.720799,0.892533,1.34459,-0.743857,-0.715104,-0.827513,-0.574627,0.566071,3.83141,0.351831,-0.310758,-0.0501255,-0.553745,-1.43351,0.0404347,-0.686726,-0.272791,0.374275,0.932653,0.266135,-0.439845,-1.16418,0.0802998,1.10473,-0.806224,-0.937694,1.08072,0.290619,-0.215841,-1.07644,0.385932,-1.17642,-0.346826,2.50240,-0.477811,0.139631
79,2385,-0.00453827,0.558577,2.68960,1.03277,0.585449,0.538485,1.65815,1.63957,0.680343,1.67171,-0.664664,0.755486,0.00371331,-0.164760,0.226506,0.152705,0.0986064,0.952395,-0.425369,-0.237094,-0.561520,-0.980524,-0.107683,-0.281298,-0.578023,0.148686,0.325525,-0.815764,-0.689419,-0.229057,0.366783,1.57527,2.88764,1.40649,0.919638,-0.446058,0.0449712,-0.687171,-0.115935,-0.988561,-0.639910,0.699226,-0.0210414,1.53910,-0.445998,-0.960432,-0.190199,-0.421947,-1.01536,-1.46275,-0.821444,-1.06893,-1.36605,-1.39845,-0.887457,-1.61144,-0.833822,-0.743430,-1.11850,-0.172797
80,3155,-0.716214,0.0311351,2.15414,1.67661,0.842620,-0.457619,1.62953,0.699099,-0.244067,0.460152,-0.378966,1.69290,0.610294,0.617640,0.490383,-0.310993,0.0407197,-0.349007,-0.581315,-0.810607,-0.881091,-1.13101,-0.259056,-0.251256,-0.761180,0.0148433,1.52461,-0.902928,-1.05346,-1.01154,-0.348989,1.00321,2.49888,2.69213,1.11242,-0.115491,0.123158,-0.778024,-0.761180,-0.653120,-0.986012,0.161469,-1.09843,0.894600,-0.229078,-0.821469,-0.986012,-1.03326,-1.60055,-0.913789,-0.543843,-0.00144847,-0.251562,-1.28307,0.258057,-1.08757,0.175619,0.481875,0.220585,1.48654
81,9547,-0.937865,-1.14240,1.90899,0.416242,-0.211787,-1.31659,-0.560026,0.737472,-0.755040,0.938806,-0.807276,0.210383,-0.742851,0.789502,0.442902,0.0294084,0.148640,0.461485,-0.377201,-0.748783,-0.727181,-0.848319,0.136452,0.549710,-1.12591,-0.137993,0.688410,-0.984049,-0.551320,-0.350638,-0.392871,0.816648,3.32980,1.10395,-0.417248,-1.08359,-0.525202,-1.30302,-0.507790,-0.907135,0.0302388,0.753307,1.45279,0.870940,-0.337153,-1.25099,0.251370,1.52019,-0.960501,-1.07454,1.66348,1.51792,0.307089,-1.30528,0.719752,-0.346114,-0.257058,2.17170,-0.885629,-0.0882251
82,6387,-0.970272,-0.513655,1.37568,-0.197904,0.241425,-1.18115,-0.867012,0.603745,-1.20422,0.813155,-1.37686,1.09619,-0.786339,0.844239,0.478602,-0.260072,0.196249,-0.256800,-0.202272,-0.906299,-0.460423,-1.19260,-0.136121,-0.0163059,-0.968659,0.659369,1.77742,-1.19260,-0.920255,-0.358234,-0.947684,0.880232,2.94395,-0.271525,-0.502373,-0.451486,-0.321667,-2.04824,0.299509,-0.714885,0.123644,0.430327,0.243039,0.0442268,-0.536255,-0.472755,0.0300638,0.574296,-0.495919,-0.436762,1.29339,1.43811,1.06912,-0.441670,1.45796,-0.845767,-0.424928,1.57063,-0.408793,2.80419
83,4964,-0.765614,-0.421779,1.02542,0.121637,0.695158,-1.71985,-0.000931589,0.442526,-0.625888,-0.107339,-0.943447,1.19396,-0.524269,0.521539,0.512244,0.0619742,0.387761,-0.173452,-1.00188,-0.958745,-0.900259,-1.37800,0.667213,-0.321803,-1.50997,-0.258915,1.00255,-1.35865,-0.999337,0.102287,-0.862152,0.850491,2.90791,-0.142815,0.331870,-0.358891,-1.08317,-1.48120,-0.780857,-0.234728,-0.0847672,0.140987,-0.366760,-0.167002,-0.470919,0.455427,-0.778316,0.339326,0.596079,-0.442741,0.347113,0.927892,1.77232,-0.541105,1.32519,-0.0879893,0.743427,1.56806,-0.615726,3.42889
84,6530,-0.551112,-0.151745,1.80915,0.159105,0.299813,-1.20922,-0.0775200,1.63201,-0.493356,1.19914,-0.755179,2.15203,0.249759,1.34150,0.835010,-0.0210140,-0.158377,-0.282476,-0.712826,-1.08429,-0.920744,-1.17145,-0.531860,-0.427733,-0.959247,0.0138476,1.14689,-1.15111,-0.832186,-0.811212,-0.678173,0.252069,3.77282,-0.0529705,0.215106,-0.308623,-0.112173,-1.21212,-0.0890710,-0.459690,-0.528010,0.193966,-0.304690,0.522247,-0.539561,-0.578801,-0.235384,0.00222708,-1.11711,-1.14530,0.192004,0.676219,0.126548,-0.851884,1.37021,-0.782160,0.245908,2.12588,-0.666622,1.43156
85,8217,-0.431992,-0.147973,2.23384,0.965629,0.553073,-1.40617,1.22107,0.455757,-0.721355,0.339070,-0.890663,1.17364,0.0974806,0.722108,0.608483,0.174185,0.442253,0.0295948,-0.690571,-1.36304,-0.949151,-1.51017,-0.447383,-0.914050,-1.32779,-0.193633,0.728538,-1.57612,-1.10307,-0.566525,-0.613613,1.38164,2.78178,0.876845,0.155969,-0.624868,-0.512028,-1.48480,-0.607456,0.110768,-0.647475,0.252822,-0.262684,0.0803284,-0.564360,0.186869,-0.644396,-0.163193,-0.847566,-0.708579,0.165204,0.782988,0.965569,-0.416861,1.58739,-0.660382,0.500742,2.00313,-0.779843,2.20099
86,2146,-0.810030,0.185378,2.08873,-0.0315629,-0.00373538,-0.513938,1.58937,0.167513,-0.810030,-0.154071,-0.968366,0.427842,-0.595668,1.01231,0.997434,1.93112,0.451785,0.672858,-0.0329666,-0.284236,-0.846569,0.144542,0.451785,1.58912,-1.09016,0.297678,1.52603,-1.04991,-0.754004,-0.605820,-0.232713,0.119020,2.98029,2.00513,-0.383741,-0.735984,0.0766505,-1.54760,-0.542077,-0.929955,-0.878236,-0.529252,0.697814,0.611604,-0.814902,-1.31790,0.227679,0.683068,-0.775927,-1.11117,0.135113,-0.470550,-0.364254,-1.04481,0.105882,-1.10861,-0.427588,2.08681,-0.997597,-0.498625
87,9291,-1.10883,-1.06967,1.32838,0.456544,0.325043,-1.54210,-1.12477,0.805918,-0.967769,-0.301612,-1.31980,0.354702,-0.968996,0.687103,0.783783,-0.454375,0.604702,0.569702,-0.598570,-0.658059,-0.138603,-1.12908,-0.334855,-0.155922,-1.16157,0.523024,1.10637,-0.863157,-0.614515,0.312268,-0.621875,1.10579,2.66167,-0.427500,-0.653765,-0.358191,-0.707735,-1.18849,-0.456287,-0.689177,1.08552,0.293880,0.968996,-0.361020,-0.477138,-0.834868,-0.165588,0.479175,-0.147189,-0.731612,1.92695,1.70977,0.657445,-0.662302,1.01438,-0.583092,-0.548280,1.78756,-0.347121,2.92480
88,4056,-0.787113,-0.191248,0.920945,-0.0428344,0.427548,-1.81293,-0.587494,0.177976,-1.09972,0.0693805,-1.40480,0.930902,-0.188257,0.997869,0.952959,-0.0283551,0.372935,0.0675706,-0.777697,-1.07992,-0.813477,-1.28082,-0.738150,-0.421107,-1.20895,-0.500744,1.53487,-1.11431,-0.871856,-0.625628,-0.627041,0.263042,3.25234,0.163496,0.229812,-0.312512,-0.306898,-1.75864,0.0923391,-0.375859,-0.337029,0.223224,-0.534765,0.268472,-0.365277,-0.430157,-0.338912,0.538149,-0.453787,-0.701645,1.19777,1.56618,1.26369,0.00965319,1.14316,0.668463,-0.0959804,1.98608,0.148835,2.74625
89,2661,-0.941669,-0.851424,0.868947,-0.914908,-0.750988,-0.930350,-0.177225,-0.120505,-0.936516,0.946707,-0.747552,-0.340124,-0.915901,0.883223,0.692008,0.960433,0.444637,1.04279,-0.184097,-0.662689,-0.730374,-0.709015,0.126835,-0.226883,-1.12376,-0.147957,1.33277,-0.515132,-0.269989,-0.247472,-0.527667,1.16633,3.26363,0.974159,-0.290603,-1.24777,-0.321525,-1.62695,-0.534538,-0.305808,-0.551717,0.969012,1.67805,1.04279,0.0873240,-0.988686,1.02355,0.812876,-1.19591,-0.973244,1.59903,0.757971,-0.168636,-0.762204,-0.379932,-0.111926,0.209291,2.90269,-0.577485,-0.775930
90,5252,-0.390080,-0.267604,1.92906,0.412908,0.588599,-0.607861,2.02647,1.31812,-0.0932294,0.849464,-0.455016,2.51544,0.737024,2.35173,1.73426,0.528467,0.760215,0.0854920,-0.320505,-0.428102,-0.362250,-0.899967,-0.0329317,-0.325384,-0.826079,-0.527611,0.825151,-0.944907,-0.872461,-0.896757,-0.297314,0.900823,2.27693,0.878353,0.542216,0.0533923,0.398429,-0.659220,-0.399356,-0.408843,-0.538505,0.705015,-0.167442,-0.0782163,-0.691568,-1.03800,-1.31774,-1.15355,-1.28063,-1.21775,-1.22033,-0.514772,-0.728675,-1.04442,0.0412809,-1.02195,-0.659100,0.127222,-1.20642,1.30849
91,6671,-1.20364,-1.28008,0.862741,-0.549605,-0.281853,-1.66486,-0.250180,0.635275,-1.22330,0.558319,-0.829029,0.596186,-1.00487,0.0452782,0.480481,-0.580143,0.497956,0.113684,-0.699061,-0.566706,-0.0437598,-0.781695,0.0916691,-0.466541,-1.20801,-0.384699,1.15653,-1.31428,-0.125673,0.175981,-0.750393,1.25825,2.56216,0.531445,-0.363765,-0.647327,-0.746025,-1.90550,-0.569093,0.0599365,1.37606,0.885688,1.45251,-0.236894,-0.328816,-0.466541,-0.470798,0.674364,-0.902205,-0.199027,2.17007,2.08889,0.491403,-0.384699,0.908612,-0.102526,-0.343014,2.25380,-0.706706,1.65403
92,940,0.585736,-0.287248,2.77006,1.21475,0.501224,-0.506943,0.618241,2.03973,-0.304895,-0.161708,-0.941989,1.07576,-0.571434,0.174561,0.956290,0.555665,-0.129369,-0.0541018,-0.369905,-0.865630,-1.40356,-0.672836,0.0136518,-0.264830,-0.499924,0.102823,0.124168,-1.03152,0.117667,-0.350018,-0.909484,0.927802,2.16547,0.452543,0.936788,0.0938563,0.0136518,-0.686286,1.39836,-0.444173,-0.168375,1.64517,-0.610440,2.23701,-0.441415,-1.48885,-0.415411,-0.672836,-1.20853,-1.42608,-1.47507,-1.18396,-1.57258,-1.44401,0.150172,-0.489009,0.689751,0.699140,-0.0188529,0.811229
93,1920,-0.670159,0.728601,1.23212,-0.0335552,0.543438,-1.76275,-0.251980,0.514159,-1.01377,0.0552264,-1.11027,0.698552,0.0974774,0.798261,0.726208,-0.309461,0.270013,-0.110044,-0.889484,-1.64528,-0.883635,-1.41582,-0.687705,-1.01698,-1.05910,-0.686442,0.607773,-1.48821,-1.02254,-0.451512,-0.747654,0.873384,2.88144,0.0442995,-0.140855,-0.215216,-0.453759,-1.52645,-0.627756,0.290156,-0.316315,0.249180,-0.535640,0.467720,-0.825149,0.516891,-0.263677,0.425378,-0.121847,-0.549855,1.27452,2.07672,2.07871,0.153569,1.60643,-0.141459,0.242232,1.17251,0.0609233,2.28843
94,1421,-0.550832,0.360460,1.35774,0.287980,0.736253,-1.24548,0.181905,0.0705382,-1.10710,0.104647,-1.32193,0.810977,-0.0406012,0.893405,1.25224,0.134492,0.155051,-0.222226,-0.602622,-1.04367,-0.876919,-1.09341,-0.429988,-0.460986,-0.685103,0.292243,1.34623,-1.39328,-1.21643,-0.581787,-0.905691,0.218342,2.79060,0.253871,-0.614131,-0.289022,-0.514387,-1.41318,-0.698530,-0.0786864,-0.708121,-0.212278,-0.0444375,-0.142640,-0.535486,-0.183854,-0.476023,-0.378557,-0.784847,-0.881657,0.586637,1.07390,1.47475,-0.686954,1.52462,0.242502,0.644182,2.30749,0.0629794,3.25684
95,6958,-0.539639,1.22793,1.47100,-0.315576,-0.780745,-0.711431,0.0487875,0.190055,-1.07602,-0.195821,0.0477253,0.409605,-0.822169,0.735603,-0.951750,-0.400402,0.129510,1.32440,0.0562225,-0.398738,-0.693650,0.0819431,1.47737,1.13312,-0.489718,-0.215780,0.732807,0.299830,-0.421741,-0.405391,-0.328273,1.26119,3.15555,2.79804,-0.134963,-0.0394748,0.487452,-1.38671,-0.622486,0.474472,-0.298533,0.537676,0.545870,0.0386984,0.226165,-0.751349,0.227227,-1.39669,-1.29057,0.121861,1.97658,-0.305596,-0.260296,0.185065,0.231476,-1.76760,-0.577876,-0.370463,-1.52531,-2.15847
96,2707,-0.937515,0.889105,0.763648,-0.124989,-0.836377,-0.560308,0.963651,0.770382,-1.07274,0.471925,0.102274,-0.865360,-1.12729,0.557669,-0.338642,-0.599882,0.0306823,1.33597,0.344324,-0.218978,-1.01933,-0.720254,1.16593,1.93453,-0.0488644,-0.606478,0.251140,0.326819,-0.514781,-1.04015,-0.457962,2.29400,2.30685,1.28155,-0.421598,-0.279989,1.10456,-0.947807,-1.35343,-0.573499,0.451143,0.585701,0.0772739,-0.182702,0.856832,0.348255,0.779558,-1.07313,-1.54093,-0.471265,2.09776,-1.00222,0.114775,1.18591,-0.163639,-1.30233,0.246595,0.478520,-1.82389,-1.89100
97,855,-0.459539,1.03752,1.82277,0.722446,-0.592053,-0.932933,-0.361337,1.47504,-0.568389,0.737138,-0.108141,0.529808,-0.718651,0.869373,-1.05822,0.598374,0.991014,1.64972,0.730719,-0.0399426,-1.02154,0.0841291,0.103645,0.531440,-0.645295,-0.803963,0.478706,-0.275026,0.0610511,-0.221153,-0.889025,0.358393,1.60152,1.32648,-0.240654,0.129840,-0.0785616,-1.23495,-1.22504,0.245749,-0.702086,0.614699,0.730719,-0.160749,0.931856,-1.35249,1.59324,-1.09945,-1.65926,0.678367,2.47706,0.146165,-0.225273,-0.550922,0.398251,-1.47003,-0.232372,-0.723970,-1.13512,-2.86910
98,4958,-0.265445,1.22328,1.58881,-0.257877,-0.746045,-0.315585,0.384918,0.927752,-0.633666,0.0446503,-0.546393,0.0953631,-1.38924,0.660198,-1.20632,-0.549913,0.364594,0.661947,0.259388,-0.147708,-1.43347,-1.14273,0.280908,1.12361,-0.280987,-0.443241,0.289276,0.878788,-0.0239501,-0.424005,-0.132743,2.03469,2.32286,1.76714,0.271344,-0.586636,0.364594,-1.33683,-0.908636,0.123342,-0.0179725,0.630470,0.447085,-0.00606244,0.680212,-0.691559,1.41187,-0.819215,-1.62236,0.207281,2.04908,-1.07453,0.202003,0.803593,-0.0107994,-1.68133,0.0728871,0.642711,-1.77180,-2.34759
99,7705,-0.540679,0.663867,0.476501,0.571965,-0.655152,-0.477254,0.267178,0.501123,-1.18391,0.219672,-0.541769,-0.521291,-1.15557,0.282855,-0.739100,-0.858266,0.310787,1.06403,-0.303010,-0.191974,-1.22534,-1.27757,0.544095,1.36845,-0.128574,-0.563412,0.469960,0.127770,-0.670416,-1.25651,-0.433837,1.06594,2.28737,2.97291,0.271539,-0.551925,1.19278,-1.00378,-0.566844,-0.163254,-0.119852,0.964464,1.21458,0.0205505,0.691276,-0.839120,1.17861,-1.07462,-1.49463,0.120111,2.34624,0.154575,0.0578549,0.734708,-0.141656,-1.00378,0.387103,0.851501,-1.79553,-1.90174
100,2467,-0.589869,1.41251,1.22790,-0.673900,-0.740837,-0.571560,0.0283791,0.248806,-0.730567,-0.234830,0.279992,0.153069,-0.711054,1.07247,-0.678190,-0.432907,0.154699,1.79545,0.0129743,-0.153949,-0.596031,-0.248036,1.55654,0.666417,-0.195505,-0.470872,1.27720,0.285120,-0.402957,-0.601272,-0.424524,1.30356,3.57150,3.01362,0.00167738,-0.215023,0.180374,-0.999075,-0.791159,0.435328,-0.0527531,0.0375246,0.0858906,0.167925,0.00578535,-0.865374,-0.267394,-1.26153,-1.24612,-0.310760,1.62330,-0.401545,-0.454306,0.288421,-0.0917787,-1.47281,-0.672028,-0.117635,-1.36114,-1.84915
101,7765,-0.771183,-0.0810833,1.45449,-0.471912,-0.799977,-0.817471,0.111835,0.916360,-0.776515,0.364069,0.369915,-0.105227,-0.806376,0.634179,-0.710395,-0.363265,0.594935,2.24276,0.320858,-0.467385,-0.759452,-0.704297,1.50995,0.0622710,-0.551495,-0.639410,1.52381,0.137721,-0.404325,-0.740513,-0.476844,2.26087,3.08295,2.27747,-0.0801256,-0.411552,0.00732297,-0.951772,-0.968475,0.279566,0.144895,0.339925,-0.0705276,0.561747,0.0307848,-0.758621,-0.248624,-0.782764,-1.20203,-0.758621,1.78082,-0.695243,-0.510970,1.31021,0.0670440,-1.30638,-0.571757,0.176954,-1.29054,-1.50859
102,3167,-0.0549771,0.951166,2.01775,0.341660,-0.611359,-1.20841,-0.214776,0.837158,-1.14674,-0.272231,-0.117964,0.0171747,-0.939122,1.19891,-1.14208,0.0127898,0.408091,1.61329,0.118819,-0.730457,-0.677844,-0.566022,0.123485,0.988438,-0.492384,-0.697570,0.611048,0.0522542,-0.157622,-0.164800,-0.640519,0.784538,2.52747,2.57578,-0.116797,-0.331428,0.258789,-1.30050,-0.238105,0.374547,-0.399070,0.661760,0.167809,-0.0354445,0.333440,-0.802808,0.758016,-1.10756,-1.84193,-0.291963,2.53914,0.646413,0.269287,-0.331428,0.298448,-0.671260,-0.301091,0.0610240,-1.33920,-2.60502
103,7011,0.0972495,0.661952,1.75302,-0.325979,-0.820582,-0.444757,0.0996971,0.605391,-1.10083,-0.111048,-0.171981,0.435708,-1.12530,1.41044,-1.04209,-0.141214,-0.0606175,1.23322,-0.173205,-0.173265,-1.07146,-0.738874,0.737284,0.775074,-0.170757,-0.209087,0.471725,0.107655,-0.430198,-0.595587,-0.603974,1.59144,2.78466,2.43985,0.0189279,-0.265648,0.122949,-1.68156,-0.622331,0.0963423,0.282040,0.450791,0.525571,-0.118589,0.129068,-1.08201,0.646725,-1.84747,-1.46674,-0.0657991,2.35879,-0.207201,0.180466,0.799584,0.375047,-1.41384,-0.231946,0.629901,-1.49121,-1.81542
104,5038,-1.08879,1.06304,0.675942,-0.137065,-0.905977,-1.02641,1.07064,0.252669,-1.25290,0.711078,0.706064,-0.837556,-1.23212,1.56609,-0.257837,-0.341375,0.0994714,1.53518,0.252158,-0.291585,-0.877932,-0.971473,0.917956,1.24160,0.0890846,-0.598908,0.185682,-0.0477866,-0.609951,-1.10196,-0.690969,1.90947,2.20281,1.82534,-0.492580,-0.683035,1.45392,-0.887345,-1.38169,-0.344808,0.510791,1.06476,0.302015,-0.372279,0.697755,0.424358,0.506636,-1.37666,-1.49180,-0.477009,2.07505,-0.372279,-0.110343,0.697343,-0.300423,-0.861592,0.411077,0.204596,-1.46375,-1.76639
105,2179,0.211521,0.964206,1.73589,-0.613818,-0.807409,-0.165308,0.148340,0.806770,-0.852209,0.156887,-0.0837047,0.242928,-1.25771,1.06672,-1.12676,-0.258671,0.333287,0.782971,-0.156075,-0.203752,-1.07277,-0.785900,0.484920,1.37610,-0.407648,0.164210,0.272404,0.122105,-0.453598,-0.897570,-0.633950,1.89235,2.49291,1.95825,0.376939,-0.309929,0.143745,-1.45043,-0.347914,0.120274,-0.162967,0.546817,0.227603,0.288695,0.474581,-1.16301,0.677908,-1.34242,-1.63105,-0.0920816,2.27121,-0.828005,0.621620,0.649334,0.329841,-1.30764,0.120770,0.596245,-1.92972,-2.31633
106,665,-0.484043,0.195771,1.51944,-0.945194,-0.955450,-0.136929,0.291106,0.992295,-0.543576,0.690908,-0.345536,-0.148671,-0.917786,1.30347,-0.954235,-0.338506,-0.125627,0.908141,-0.0843186,-0.614451,-0.882551,-1.12524,0.962983,0.716349,-0.623764,-0.802329,0.628867,0.737877,0.0128788,-0.602709,-0.435444,1.91798,2.75992,2.45422,0.118581,-0.475500,0.597278,-1.20353,-1.13283,-0.203469,0.376154,0.614582,0.163535,0.544128,0.494005,-0.610537,0.983637,-1.48926,-1.40499,-0.381561,2.23505,-0.459844,-0.443949,0.549999,-0.135347,-0.814071,-0.0150655,0.667423,-1.65892,-1.94134
107,9428,-0.833126,0.298733,0.678885,0.849723,-0.624845,-0.670931,0.841007,0.808250,-1.32287,0.827999,0.136227,-0.907916,-1.36565,1.23680,-0.723919,-0.856569,0.557294,1.61795,0.261196,-0.155489,-1.25532,-1.25549,0.847762,0.772703,-0.0416563,-0.420122,0.330999,-0.0745187,-0.578685,-1.40558,-0.798225,1.14793,1.99387,1.93985,-0.162122,-0.503067,1.20916,-1.25549,-0.693521,-0.270031,0.0213911,1.18940,0.815113,0.227637,0.553916,-0.637358,0.981738,-0.813122,-1.55367,-0.0824182,2.12222,-0.173262,0.100200,0.452773,-0.312985,-1.56950,0.677760,1.26642,-1.86215,-1.58530
108,4569,-0.672408,0.276110,1.49202,-0.598024,-0.664262,-0.748630,0.419116,0.237295,-0.770156,0.305611,0.591339,-0.470708,-0.720118,0.196926,-0.617715,-0.318549,0.0967787,1.99177,0.345804,-0.185023,-0.549059,-0.537471,1.08939,0.175189,-0.108027,-0.585603,1.52228,-0.0763381,-0.439674,-0.633735,-0.433855,1.87843,3.38880,2.93578,-0.233704,-0.251786,0.343477,-0.734656,-0.831831,-0.287497,0.0513956,1.13627,-0.542077,0.552480,0.103761,-0.389971,-0.578150,-0.997052,-1.26588,-0.571629,1.46060,-0.688077,-0.831831,1.43283,-0.0510075,-1.39142,-0.148756,-0.237812,-1.44625,-1.41471
