;Z-scored aggregated cumNDVI data for GIMMS of Kenyan divisions
adminID, pixels*100,1981S,1982L,1982S,1983L,1983S,1984L,1984S,1985L,1985S,1986L,1986S,1987L,1987S,1988L,1988S,1989L,1989S,1990L,1990S,1991L,1991S,1992L,1992S,1993L,1993S,1994L,1994S,1995L,1995S,1996L,1996S,1997L,1997S,1998L,1998S,1999L,1999S,2000L,2000S,2001L,2001S,2002L,2002S,2003L,2003S,2004L,2004S,2005L,2005S,2006L,2006S,2007L,2007S,2008L,2008S,2009L,2009S,2010L,2010S,2011L
1,542,-0.609762,0.448434,1.15316,-0.297191,0.0740271,-2.60515,-0.680359,0.465070,-0.871981,-0.315340,-1.70100,-0.00680590,-0.333422,0.354663,1.03214,0.989881,1.30243,0.280555,0.140591,-0.483219,-0.898203,-0.660173,0.719491,0.0899892,-0.851811,0.265430,2.08303,-0.837126,-0.0570828,-0.192834,-0.476635,1.00652,2.65992,0.864350,0.263632,-0.640511,-0.815503,-2.16201,-1.05554,0.478682,0.0679758,-0.301728,0.0276343,0.726719,-0.640018,0.486244,0.00948065,0.540691,-1.17858,-0.474145,1.39118,1.17591,0.338264,0.705545,0.197069,-2.35862,-0.557318,1.35286,-0.732803,1.10331
2,554,0.170247,0.543104,1.64349,0.425114,0.435534,-2.97233,-0.669398,0.897077,-0.852265,0.281096,-1.70736,0.321004,-0.795602,0.199543,0.780664,0.879725,1.39366,0.544840,0.304178,-0.869314,-1.19740,-0.733972,0.577192,-0.112785,-1.19740,-0.0468493,1.24170,-0.152694,0.226910,-0.256803,-0.388657,0.928310,2.56813,0.950867,0.747181,-0.494520,-0.805904,-2.20365,-0.568949,0.645479,0.0878281,-0.222100,-0.285634,0.0364383,-0.648793,0.392146,0.512802,0.763470,-1.75115,-0.147488,0.680216,1.23196,0.136764,0.334885,0.422656,-2.28867,-1.06862,1.11050,0.00798460,0.0156164
3,382,-0.394867,0.614583,0.741406,-0.123138,0.485385,-1.98308,-0.507056,0.0461147,-0.688284,0.342307,-1.05362,0.119703,-0.863759,0.101306,0.692503,1.01748,2.03877,0.769117,1.01181,-0.119458,-0.788966,-0.603300,0.879485,-0.0716262,-1.58580,0.130741,1.68782,0.0111604,0.502645,-0.0329925,0.634970,0.816950,1.88343,1.10394,0.632094,0.108665,-1.19170,-2.26271,-1.10540,-0.474521,-0.0439165,-0.562827,-0.668147,0.281597,-0.754447,-0.0256337,-0.190625,0.425093,-1.34703,-0.796469,0.824829,0.896057,0.140188,0.0277177,0.565931,-2.83302,-1.37580,2.03115,-0.161859,1.04507
4,446,-0.314709,0.451752,0.692696,-0.144892,-0.223587,-2.93719,-0.383050,0.338788,-0.970281,0.348334,-1.41070,0.176500,-1.19809,0.361062,0.826848,1.03408,1.45458,0.629950,0.553482,-0.744719,-1.16012,-0.684259,0.733194,-0.444010,-1.46639,0.499484,1.54570,-0.461512,-0.266617,-0.121026,-0.496953,1.13113,2.13546,1.09613,0.718007,0.135133,-0.803224,-1.79322,-0.618449,0.0460341,0.781287,-0.669940,-0.618449,0.0237594,-0.593137,0.119223,-0.0236246,0.386519,-1.30946,-0.391505,1.75832,1.15022,0.482609,0.143088,1.05718,-2.24508,-0.529858,1.74528,-0.352676,0.820877
5,449,-0.813172,0.293742,1.03226,0.00379661,-0.361104,-2.52417,-0.268213,0.415416,-0.695511,0.0128574,-1.27350,0.0801662,-0.778080,0.329985,1.07974,0.670412,1.17056,0.223844,0.142571,-0.745661,-1.02372,-0.636931,0.906339,-0.541146,-1.11662,0.265265,1.39556,-0.982536,-0.668676,-0.161886,-0.854457,1.18688,1.97562,0.824446,0.693723,-0.302976,-0.790466,-1.72811,-0.619134,0.231611,1.04258,-0.498430,-0.499408,0.353284,-0.532436,0.396000,-0.189772,0.197957,-1.68428,-0.305565,1.73616,1.62050,0.623538,0.0128574,1.20153,-2.18762,0.0765150,1.87550,-0.908127,1.62050
6,1537,-0.602183,0.241063,1.18493,-0.505048,0.340519,-2.82878,-0.876952,0.429838,-0.584312,-0.535013,-1.62754,0.215593,-0.276035,0.710004,0.823040,0.885295,1.47310,-0.0795553,-0.0950898,-1.02043,-0.662498,-0.967997,0.441044,-0.172445,-0.836742,-0.152968,1.35917,-1.21071,-0.153171,-0.155964,-0.555271,1.42765,3.27809,0.754950,0.248929,0.110718,-0.329648,-1.75905,-0.646861,0.931740,0.528166,-0.235370,-0.347520,0.308482,-1.18746,-0.332754,-0.191147,0.471788,-1.30363,-0.470589,0.986114,1.55050,0.0233064,0.789409,0.592949,-1.13580,-0.182212,1.31828,-0.821105,1.41716
7,354,0.781449,0.245168,1.01612,-0.203079,0.490772,-3.21966,-0.623933,0.661108,-1.55996,0.589765,-0.421259,0.262667,-0.730603,0.526500,0.0800913,0.635532,0.850784,0.958593,0.277431,-0.299997,-1.89598,-0.728052,0.594775,-0.133082,-2.00798,0.122674,1.78948,-0.320188,0.128093,0.444388,-0.527929,0.735143,2.32550,0.665146,0.648111,0.122674,-0.471928,-1.59762,-0.767938,1.12955,0.314766,0.173825,-0.650600,-0.112891,0.472105,0.418813,0.237430,-0.0240494,-1.52263,-0.295959,0.432103,0.739181,0.445437,-0.843815,0.912120,-2.60046,-0.562597,1.16724,-0.0532466,0.780910
8,188,-0.0355364,0.805043,1.27283,0.356516,0.782865,-2.31159,-0.490503,0.949662,-0.652029,0.0882375,-1.48928,0.140636,-0.617032,-0.207288,0.341359,1.15297,1.80587,0.903551,0.605186,-0.305796,-0.662798,-0.595033,0.379048,-0.163273,-2.01962,0.00649654,1.69549,0.297830,0.723638,0.228664,0.268672,0.905647,1.83279,0.863729,0.244443,-0.0354219,-0.859322,-2.85653,-0.450121,0.0169762,0.0263821,-0.393825,-0.759714,0.157403,-0.555113,-0.0982996,0.142143,0.264295,-1.87155,-0.488141,0.484041,0.922415,0.257904,-0.0459015,0.634799,-2.33465,-1.41659,1.60988,0.381741,0.165787
9,2514,-0.554048,0.0756318,1.56460,-0.101131,0.325259,-2.38022,-0.526353,0.666775,-0.281717,0.129240,-1.28103,0.0814273,-0.0924695,0.942062,0.976084,0.969590,1.28996,-0.143149,-0.401727,-0.609688,-0.434037,-1.07912,0.692213,-0.469147,-0.856381,0.232111,0.959929,-1.04290,-0.510198,-0.0272386,-0.417882,1.69693,3.19858,0.297310,0.279101,-0.211246,-0.740987,-1.72388,-0.600205,0.277026,0.648364,-0.586506,-0.976392,0.162565,-0.683290,-0.166331,-0.203248,0.201684,-1.44720,-0.787900,1.13302,1.16809,-0.316335,0.0133300,0.719908,-1.44279,-0.267869,1.70852,-1.19564,2.14898
10,803,-0.498487,-0.0692623,0.715149,-0.299985,0.0608173,-2.86524,-0.965479,0.542357,-1.21527,0.442696,-1.07951,0.311635,-0.620665,0.692532,0.511519,0.633827,1.01381,0.0972947,-0.574509,-0.436507,-1.31572,-0.848804,0.0390967,-0.716378,-1.64968,-0.00100125,0.848187,-0.623542,-0.509347,0.0727207,-0.373594,1.24545,2.54239,0.714375,0.674423,0.0672598,-0.745558,-1.47817,-0.417035,0.546453,1.46451,-0.159367,-0.552788,0.201052,-0.159103,0.0426859,-0.0640759,-0.0883755,-0.615235,-0.891126,2.17857,1.45023,0.158560,-0.0324014,1.26359,-1.98467,-0.376309,1.85843,0.261732,1.57583
11,1221,-0.578979,-0.413821,1.62500,-0.445442,0.389241,-2.90697,-0.362403,0.297637,-0.632486,0.550600,-0.433746,0.252639,-0.0515537,0.778023,0.789269,0.332906,0.791817,-0.517196,-0.482157,-0.991501,-0.296157,-0.911234,0.200693,-0.703269,-1.19813,0.0665650,0.0936794,-0.531790,-0.573883,-0.112212,-0.270677,1.21341,3.37034,0.0945369,0.460584,0.00210810,-0.894925,-1.71999,-0.571335,0.674649,0.396885,0.292772,-1.36630,0.291556,-0.415910,0.382769,-0.232458,0.304934,-1.74339,-0.200992,1.33198,1.51381,0.0834876,-0.0295123,1.26064,-1.26027,-0.563691,1.64880,-0.125444,2.04649
12,613,-0.909988,-0.121601,0.979436,-0.398485,0.407970,-2.86617,0.0347241,0.438786,-1.03019,0.504973,-0.758159,0.351639,0.0494852,0.567852,0.587212,0.404589,0.595647,-0.247357,-0.342739,-1.06257,-1.47724,-1.18832,-0.119213,-0.474601,-1.00910,0.267802,0.964675,-0.593738,-0.635853,0.194996,-0.640070,1.37424,2.93634,0.467467,0.591430,0.0758581,-0.817204,-1.30415,-0.694897,0.615286,0.614626,0.160799,-1.29589,0.228089,-0.159279,0.418930,0.207640,0.0427644,-1.76192,-0.667648,1.06589,1.18891,0.943588,-0.0355574,1.47921,-1.90204,-0.0517340,1.73275,0.245597,1.82652
13,212,0.397998,0.539558,0.997863,0.124265,0.591580,-1.80515,-0.617710,0.295554,-0.577082,0.0402372,-0.706136,0.0111505,-0.880599,-0.572199,1.05283,0.919301,2.14024,0.809418,0.173347,-0.365360,-0.856700,-0.656227,1.55471,-0.0179362,-1.90587,-0.0583343,1.70049,0.615507,0.273723,-0.0114724,0.603529,1.10836,1.58578,0.966163,0.378879,-0.0551025,-1.43745,-2.88944,-0.933177,-0.182761,-0.111051,0.180823,-0.985755,0.463610,-0.746765,0.0208461,-0.201867,0.298785,-1.05267,-0.564119,0.156618,0.739933,0.534222,0.358575,0.00366420,-2.59372,-1.03355,1.96642,-0.0991016,0.313329
14,270,-0.0560196,0.376831,0.729186,-0.0616791,0.178340,-2.36829,-0.801164,0.551728,-0.969422,0.591017,-0.602859,0.187993,-0.807173,0.223479,0.911466,1.09290,2.01917,0.907859,-0.0119519,0.0245021,-0.753090,-0.539478,1.06370,0.283046,-1.73259,0.528915,2.68819,0.276709,-0.246312,-0.0540749,0.234426,1.38819,1.54244,1.15373,0.378648,-0.392463,-1.38005,-2.74090,-0.903321,-0.348105,0.506845,0.125892,-0.789146,0.374296,-0.749084,-0.286004,-0.678976,0.286848,-0.632906,-0.798021,0.863392,0.599888,0.362623,0.0118284,0.314549,-2.44687,-0.0800565,1.17908,-0.598853,-0.128850
15,2200,-0.799859,-0.215774,0.00456972,-0.343042,-1.04784,-1.36368,1.06908,1.34888,-1.37244,1.43123,0.831176,0.325740,-1.35227,-0.502751,-0.346234,0.158544,0.359406,1.34888,1.05900,-0.123442,-0.753489,-0.303115,0.411824,0.0337715,-0.338169,-1.10665,0.603355,0.557817,-0.322040,-0.505247,-0.568006,1.21911,2.81906,2.73385,-0.313976,0.585267,0.996497,-0.734829,-0.987358,0.0961579,1.16182,1.01199,0.514646,-0.345538,0.294890,-0.849620,0.496501,-1.20647,-1.60832,-1.08419,1.31101,-0.894538,-0.475265,0.355685,-0.0478492,0.163535,-0.118413,0.128599,-1.48131,-1.92017
16,995,-0.605673,0.683068,-0.0655901,-0.601302,-0.533662,-0.842121,1.36383,0.599061,-0.969328,0.0558176,1.09019,-0.125264,-0.832507,-0.446356,-0.119598,-0.229805,0.425885,1.04523,0.335871,0.175294,-0.233016,-0.211137,1.12799,0.623330,0.0604292,-0.640505,0.973169,0.632664,-0.333831,-0.487426,-0.369837,1.98237,3.37114,2.41547,-0.0745914,0.0912872,0.499696,-0.493026,-0.789301,0.621463,-0.0529881,1.19458,0.640118,0.914553,-0.0907939,-0.325013,0.0316248,-0.806652,-1.43380,-0.295144,0.976769,-0.677841,-1.19076,0.289170,-0.711889,-1.55898,-0.989131,-0.976532,-1.50041,-2.60626
17,6549,-0.672173,-0.146084,0.381408,-0.227910,-0.915307,-1.44808,-0.109126,-0.249570,-0.989954,-0.278450,-0.215763,0.556658,-1.01555,0.0247880,-0.437570,-0.220690,0.827154,1.41824,0.219319,-0.0401916,-1.33119,-0.872893,0.675728,-0.0786980,-0.104860,-0.278450,0.191593,-0.288077,-0.360791,-0.810320,-0.620987,0.794917,2.90872,3.46389,0.204389,0.474832,1.38380,0.332840,0.204389,0.518152,0.368612,1.35326,0.594684,-0.0233450,0.197991,-0.391563,-0.437570,-1.31812,-1.36745,-0.966753,1.82955,0.000721526,1.35394,1.14629,-0.695633,-1.31090,-0.352260,0.195660,-1.71509,-1.33016
18,950,-1.20487,-0.199021,0.783410,-0.318544,-0.994840,-0.996769,1.08912,-0.107293,-1.32622,-0.521456,0.141653,-0.401932,-1.22821,0.0372465,-0.311077,0.404155,0.946767,2.19423,0.652725,-0.129530,-1.20254,-0.721588,0.743738,-0.510337,0.274672,-0.257392,0.482368,0.584830,-0.311077,-0.429728,-0.719468,0.423613,3.02839,2.70567,0.487035,0.137313,1.08679,0.151211,-0.563113,0.857232,0.251335,0.712692,0.687730,0.301310,-0.245735,-0.846670,-0.595784,-1.58605,-1.41490,-1.35812,1.04245,-0.132310,0.351683,1.18801,-0.376420,-1.41649,-0.182726,1.46597,-1.37289,-1.23026
19,4140,-0.843286,0.664779,0.163307,-0.324939,-0.779747,-0.925442,1.20334,0.538006,-1.10747,0.822689,0.412447,-0.449488,-0.951971,0.542454,0.133209,-0.00244671,0.138225,0.960582,0.255271,-0.0713934,-0.627587,-0.269337,0.723454,0.135447,-0.243009,-0.531779,0.674963,0.404561,-0.632604,-0.625191,-0.472084,1.68786,2.74834,3.33368,-0.313236,-0.0113431,1.02443,-0.467281,-0.808172,0.151015,0.659915,1.12739,0.601392,-0.147012,0.327171,-0.389438,0.0947514,-1.00329,-1.39340,-0.527331,2.36544,-0.207063,-0.644308,0.0998612,-0.696143,-1.53262,-0.293171,-0.994389,-1.71946,-1.98855
20,2050,-0.542419,-0.254657,0.201898,-0.161738,-0.867319,-1.17804,1.08799,1.16236,-1.38322,0.973618,0.833976,-0.333058,-1.23751,-0.0804337,-0.522728,0.0502339,0.601623,1.91733,0.875327,0.0734636,-1.12724,-0.655371,1.01316,-0.449207,0.0207413,-0.716349,0.343672,0.657112,-0.550295,-0.867343,-0.802339,0.575808,2.79913,3.05268,-0.302190,0.0966934,1.23370,-0.411458,-1.08786,-0.304020,0.922585,1.22915,0.217650,-0.225620,0.351549,-0.182064,-0.0737750,-1.60489,-1.40488,-1.07060,1.11556,-0.353384,0.349579,0.570000,-0.632997,-0.678601,0.119196,0.723898,-1.55256,-1.55553
21,4079,-1.15109,0.328758,0.0470441,-0.140475,-0.661262,-0.952042,0.917450,1.51807,-0.892078,0.986865,0.464628,-0.568392,-1.08942,0.632726,-0.481543,-0.273277,0.783542,1.79548,0.309576,0.0188871,-0.719407,-0.547734,0.336005,-0.237863,-0.0886265,-0.285081,0.378292,0.579606,-0.414588,-0.836947,-0.411064,-0.0696474,2.68998,3.15006,0.0382344,-0.211303,1.45661,-0.243765,-0.885031,0.151689,0.494581,0.550094,0.112237,0.252028,0.210906,-0.751363,0.595012,-0.940237,-1.55986,-1.37406,2.22835,-0.240814,0.0981409,-0.0666963,-0.876221,-1.12911,-0.160867,0.774382,-1.76953,-1.86985
22,3719,-0.335749,-0.136350,0.684192,1.35693,-0.104563,-0.893655,0.153822,1.20227,-1.14264,0.327632,-0.417345,0.311633,-0.993045,0.410296,-0.548804,-0.539002,0.564065,1.71958,0.416741,0.0636421,-1.27183,-1.31497,0.360077,-0.0830190,-0.347082,0.228969,0.233151,0.383630,-0.0252340,-1.13631,-0.968113,0.202304,2.65155,2.67421,0.162888,0.716951,0.586731,-0.733661,-0.251888,-0.128351,-0.172559,0.495626,0.473404,-0.392341,0.999240,-1.57096,0.686458,-0.216347,-1.86566,-1.13898,2.05998,0.276967,0.983375,0.423629,-0.489874,-0.341676,-0.0456329,0.108974,-2.03565,-2.27760
23,2398,-0.814659,0.664307,0.210925,-0.647076,-0.546010,-0.960621,1.27100,0.130432,-0.894528,0.401606,0.904330,-0.420391,-0.754758,-0.115320,0.0802315,-0.335649,0.0493732,0.607106,0.388814,-0.123794,-0.428023,-0.416154,0.875286,0.143143,-0.0250498,-0.746648,0.742777,0.579565,-0.469772,-0.604705,-0.406240,1.97357,3.29676,2.84218,-0.172080,0.0944167,0.679245,-0.570808,-0.560532,0.761760,0.370663,1.78290,0.677430,0.588039,-0.0522777,-0.723344,-0.584130,-0.888590,-1.61879,-0.437339,1.48519,-0.623772,-1.31021,0.537194,-0.662183,-1.51144,-0.143037,0.0245045,-1.58975,-2.00507
24,1285,-1.20766,0.551741,0.182006,-0.617548,-1.17248,-0.787010,0.709727,0.780515,-1.26571,0.403461,0.370226,0.200107,-1.22349,-0.994601,-0.226099,0.0751285,0.530302,1.77822,1.14422,0.325085,-0.489960,0.250945,1.28494,1.20205,0.0729431,-0.185420,1.20930,0.280601,-0.104723,-0.323108,-0.263040,1.15969,2.44417,2.60647,0.510952,0.0200533,0.583074,-0.757354,-1.05638,-0.0434950,0.377263,0.329322,0.500398,0.100548,0.287550,-0.414193,0.868044,-1.17889,-1.51022,-0.526462,1.16533,-0.736172,-0.532178,-0.147291,-0.600782,-0.852677,-0.676422,0.454300,-1.91129,-2.95401
25,10185,-0.833972,-0.472163,0.190151,0.184363,-0.759858,-0.941111,0.0643817,0.0905733,-1.36400,-0.121123,-0.178174,0.422856,-1.00466,0.0316199,-0.640826,-0.448046,0.639328,1.55101,0.0217099,-0.415890,-1.24946,-0.868759,0.291216,-0.490921,-0.200633,-0.263147,0.205872,0.331746,-0.223092,-0.992025,-0.690236,-0.319421,2.63367,3.42144,0.405756,0.867686,1.22775,0.165605,-0.104060,0.465731,0.279987,1.18121,0.652804,-0.0326928,0.401264,-1.51457,0.394527,-0.606148,-1.70762,-1.08849,2.12386,0.586317,1.45009,0.873045,-0.333140,-0.882157,-0.0726173,0.765857,-1.62003,-1.48241
26,5892,-1.22091,-0.530680,0.231657,0.868002,-0.923207,-0.512414,0.257321,0.0799383,-1.54170,-0.332360,-0.204625,0.654024,-1.11825,0.353934,-0.743562,-0.846428,0.221392,0.369591,0.359975,-0.859475,-1.45958,-1.65015,-0.0840058,-0.408035,-0.522854,-0.935150,0.555019,-0.212324,-0.661438,-0.992559,-1.26197,0.155613,1.99732,2.05010,-0.281616,1.60127,0.919443,-0.337579,0.986168,1.64824,-0.212324,1.06371,1.29413,-0.441958,0.282984,0.168661,0.875815,0.374810,-0.481792,0.0955952,2.51572,1.26725,1.17865,0.199975,-0.684535,-1.19088,0.352276,0.732309,-0.625509,-2.43299
27,2668,-1.14477,-0.324946,0.0721690,0.822201,-1.36714,-1.32339,0.213901,-0.150277,-1.23519,0.0810402,-0.0426828,0.975625,-0.885744,0.867048,-0.357914,-1.46737,0.147922,-0.291900,0.221232,-0.851311,-1.62128,-1.95597,0.0306268,-0.402838,-0.423893,-1.00946,0.0281832,-0.0629432,-0.582731,-1.09443,-1.01281,0.0432741,2.18349,2.16290,-0.467879,1.58460,0.990983,0.274592,1.11317,1.53740,-0.0329082,0.753749,1.18403,-0.466569,0.257887,0.536594,0.973878,0.453981,-0.612055,-0.159719,2.60135,0.900093,1.10339,0.701821,-0.675590,-1.11095,0.130817,0.373728,-0.790441,-1.39656
28,1726,-0.565154,-0.514912,0.561123,1.10101,-1.28577,-2.23281,-0.383740,-0.130542,-0.857431,-0.522756,-0.469408,1.28535,-0.736489,0.806848,-0.159492,-1.58958,0.273885,0.0792921,0.132785,-0.650225,-1.47726,-1.22874,0.163021,0.000849349,-0.650821,-1.27384,-0.219964,-0.414897,-0.474447,-0.756123,-0.938060,0.0420318,2.23920,1.97761,-0.230042,1.55402,0.878597,0.320503,1.21623,0.824498,-0.0259517,0.620547,1.68488,0.0361486,0.0294802,1.05787,0.563643,-0.00895599,-1.25805,-0.271739,2.55667,1.21083,0.860960,0.906863,-0.482006,-0.795344,0.283963,-0.230557,-1.23034,-1.20325
29,2607,-0.705462,-0.332664,0.288849,0.587973,-1.03340,-0.904503,0.0947091,0.130028,-1.16982,-0.00759335,-0.0233490,0.623565,-1.28001,0.523909,-0.327676,-1.21296,0.506600,-0.382492,0.422648,-0.845183,-1.66304,-2.06479,0.126191,-0.470285,-0.569040,-1.02551,0.511847,-0.240125,-0.603145,-1.15127,-1.08062,0.353069,2.10957,2.15401,-0.136160,1.42082,1.07590,0.262903,0.703364,1.72928,-0.298818,1.27133,0.803057,-0.104877,0.608917,0.289004,0.396413,0.0137616,-0.482464,0.345950,2.64214,0.969990,1.41171,0.322223,-1.31149,-1.87260,-0.327676,0.673393,-0.689721,-1.05636
30,2014,-0.876823,-0.411767,1.24579,0.180657,-0.707177,-1.37302,0.499348,0.270476,-0.688177,0.0335067,-0.328526,-0.660202,-0.642033,0.0927491,-0.533459,-0.293282,0.443704,1.29288,1.11822,-0.262705,-0.491387,-0.509230,0.868499,0.679440,-0.0720209,-0.186263,1.43172,-0.0391130,-0.494101,-0.673580,-0.635247,2.00188,2.66268,2.78541,-0.294597,0.130970,0.104411,-0.906727,-0.661033,0.0755497,-0.366527,1.12280,0.951286,0.687084,0.0691249,0.452025,0.955358,-0.480564,-1.81599,-0.224484,1.47651,0.109948,-0.380099,0.0659945,-0.262025,-1.88518,-0.613532,0.146258,-1.96392,-2.22153
31,4448,-0.864329,0.0391891,0.305658,-0.676866,-0.711871,-1.05561,0.612287,0.605327,-0.951692,-0.219222,0.367326,-0.367167,-1.06989,-0.144263,-0.453206,-0.0752219,0.675668,1.61727,1.12448,0.181217,-0.504596,-0.0890302,1.44138,1.10440,0.252555,0.0372165,1.26837,0.895299,-0.518300,-0.763661,-0.425798,0.920943,2.91457,2.96259,0.158339,-0.221195,0.494089,-0.832702,-0.862616,-0.00223555,0.0230111,0.944615,0.485524,0.388340,0.161765,0.122039,0.576314,-0.240921,-1.55638,-0.0910028,1.14161,-0.509195,-0.785530,0.0904769,-0.749557,-1.15424,-0.797521,-0.617688,-1.75167,-2.84870
32,2547,-0.637024,0.222622,0.652542,-0.272468,-0.736990,-1.18759,0.512589,0.379954,-0.755555,0.101376,-0.121483,-0.565480,-1.22825,0.0797245,-0.337125,0.353973,0.988143,1.92440,1.58508,0.404492,-0.354262,0.141791,1.35945,1.48849,0.229827,0.0624036,0.885321,0.853393,-0.707000,-0.968192,-0.505640,1.24744,2.34483,2.34155,0.0584562,-0.302779,0.369780,-0.913343,-1.09973,-0.198854,0.121292,0.838959,0.459750,-0.175759,0.362639,-0.0949283,1.11239,-0.180090,-1.47674,-0.133900,1.17808,-0.652085,-0.351406,-0.0299747,-0.764124,-1.43153,-1.10544,-0.604452,-2.03941,-2.72915
33,14612,-0.209785,-0.429775,0.701243,-0.432977,-0.511470,-1.03162,0.433909,0.932380,-0.396472,-0.188077,0.445857,-0.224892,-0.535366,0.484198,-0.341212,0.402564,0.339819,1.86236,1.13137,-0.437779,-0.338225,-0.770714,1.18065,-0.0584238,0.260664,-0.501805,0.931241,-0.109645,-0.504003,-0.781919,-0.266538,0.940384,3.76887,2.49782,0.0844321,-0.348142,0.159107,-0.754708,-0.766857,0.641062,0.00229019,2.00322,0.244236,1.12446,-0.377056,-0.400964,-0.406926,0.101641,-1.40458,-0.0920376,0.792346,-0.335337,-0.841532,0.196080,-0.747442,-1.77592,-1.28958,-0.570633,-1.53899,-1.94079
34,4404,-0.445148,-0.00974502,0.247817,-0.492615,-0.617184,-1.01655,0.752668,-0.282386,-0.810120,-0.0475206,0.956859,-0.495900,-0.818159,0.287532,0.0179002,0.167636,0.485772,0.900153,0.595103,-0.421991,-0.835845,-0.793177,1.09674,0.120006,0.360363,-0.679850,1.20768,0.282605,-0.695966,-0.745547,-0.440325,1.76571,3.22226,2.68874,0.0870359,-0.210120,0.0854281,-0.784965,-0.911412,0.550318,0.445577,2.13032,0.159387,0.893583,-0.107509,-0.509039,-0.226486,-0.142781,-1.43877,-0.0984354,1.61928,0.351586,-0.904981,0.502688,-0.501421,-1.81147,-1.00145,-0.111575,-1.58508,-1.98721
35,1373,-0.985320,-0.382567,0.854342,-0.220003,-0.574817,-1.73293,0.621217,-0.969964,-0.949844,0.111627,-0.294391,-0.501780,-0.922815,-0.172318,-0.623807,-0.0270940,0.536751,0.575476,0.869546,-0.473603,-0.470079,-1.05667,0.597566,-0.167983,-0.345070,-0.0596067,1.21585,-0.835578,-0.167692,0.00975383,-0.573127,1.14120,3.18897,2.99876,-0.155867,0.972132,-0.297769,-1.54652,-0.272430,-0.733705,-0.696447,1.05016,0.714129,0.694690,0.800284,0.982969,0.690479,-0.00108376,-1.69483,-0.408577,1.12970,0.757548,0.278286,-0.321876,-0.0460618,-1.53785,-0.459943,1.43381,-1.96681,0.421582
36,5195,-0.525221,0.340923,1.44109,0.0497328,-0.670736,-1.15663,-0.428211,-0.210952,-0.174493,-0.371799,-0.0942735,1.51678,-0.646484,0.335376,-0.907664,0.321510,0.157579,0.401934,0.109074,-0.535420,-0.694989,-0.388439,0.247127,1.11188,0.0381823,-0.00295875,0.640763,-0.0306911,-0.299487,0.193941,-0.747225,1.28660,3.65740,2.19622,-0.137182,0.665392,0.200487,-0.837703,-0.389034,-0.0972488,-0.232326,0.706990,0.000870844,0.249406,-0.187552,-0.0556503,0.957911,-0.873755,-1.65389,-0.973592,2.11270,0.435213,-0.137182,-0.377346,-0.351723,-2.06070,-0.236057,0.923303,-1.04945,-2.76233
37,1630,-0.609979,0.00752111,1.59365,0.207112,-0.600150,-1.22257,-0.167680,0.541211,-0.197167,0.814564,0.00530797,1.74744,-0.566732,-0.109630,-1.16433,0.499991,0.630423,1.40683,0.589142,0.102978,-0.714165,-0.651998,0.0662469,0.369823,-0.635534,-0.678031,0.864350,-0.166036,-0.720062,0.886156,-0.725959,0.755988,3.30584,1.83855,-0.383915,0.795039,-0.287592,-0.827725,0.168467,0.00535164,-0.340668,0.172401,-0.148022,0.113825,0.252995,0.107317,0.972468,-0.461084,-1.33731,-0.445898,2.12834,0.326433,-0.0890491,-0.899317,-0.230585,-1.47640,-0.360326,-0.563049,-1.29800,-3.19679
38,115,-0.612529,0.240450,2.52724,-0.382979,-0.937262,-0.843207,-0.829694,0.455876,-0.752570,-0.817094,-0.458280,-0.141441,0.0125833,-0.523332,-0.772866,1.67662,-0.362890,1.24577,-0.0361267,0.201282,-0.983943,-0.611461,-0.151813,1.83330,-0.354771,-0.138177,-0.101073,-0.451523,-0.157902,-0.719174,-0.758659,0.896520,2.28978,1.54932,-0.247203,1.16417,-0.0422155,-0.138177,0.197276,-1.36872,-1.06919,0.632133,0.842683,-0.0174079,0.392116,-1.02599,1.84124,-0.369923,-1.25794,-0.784454,1.96707,-0.706118,-0.153843,0.0315525,0.424589,-1.95298,0.457062,2.03240,-0.910878,-0.967240
39,721,-0.106476,1.80674,1.20796,0.218300,-0.333730,-0.607581,-0.442812,1.30540,-0.684610,0.0705386,-0.310095,1.06265,-0.984585,0.0863702,-0.968223,0.972939,-0.102840,0.247325,0.317125,-0.0218122,-0.731879,-1.21182,0.891623,1.01516,0.115324,-0.174851,0.175319,-0.0666684,0.140776,-0.407047,-0.713698,1.81465,3.32233,2.13392,-0.255555,0.437304,0.0207862,-0.739510,0.0116960,0.0335983,-0.281007,0.123311,0.0735091,-0.866163,0.338942,-1.21974,1.11524,-0.792282,-1.40273,-1.18807,2.28787,-0.399132,-0.351910,-0.378023,-0.719152,-1.74482,-0.101022,0.0810930,-1.52818,-1.59178
40,2165,-0.591324,0.0580942,1.42396,0.163719,-0.806548,-1.51968,-0.671761,0.348564,-0.421753,-0.186164,0.0565236,1.02853,-0.726111,-0.628470,-1.13265,1.55665,-0.302184,0.275946,0.189137,-0.262082,-0.682631,-0.615267,0.0260878,1.37841,-0.410883,-0.443626,0.202181,-0.179563,-0.456537,-0.417219,-0.845680,1.07144,3.10010,2.14419,-0.0760895,0.817276,0.141309,-0.0541326,-0.186963,-0.951947,-0.0978293,0.384872,0.513060,-0.0508318,0.0891334,0.0184847,1.52831,-0.740697,-1.65223,-0.902435,2.34790,0.655537,-0.563062,-0.605364,0.639151,-1.27212,0.100003,1.46093,-0.732633,-2.53302
41,166,-0.586630,0.403589,1.13871,1.11129,-0.810072,-0.701847,-0.860749,0.532511,-0.662646,-0.109355,-0.125926,0.156718,-0.0314816,-0.0215785,-1.25235,0.880875,0.238030,0.463936,-0.372403,-0.468691,-1.12105,-0.298623,-0.155872,1.35542,0.334778,0.532511,0.597380,-0.465948,-0.768608,0.0442540,-0.720234,1.01803,3.50903,2.27159,-0.0844626,0.422791,-0.146658,0.0634551,0.0583557,-0.262964,-0.363189,0.282897,0.592773,0.0771702,0.288708,-0.501607,1.88044,-0.688132,-1.43663,-0.937747,1.37827,-0.221819,0.219602,-0.954205,-0.423080,-2.37235,0.155104,1.08112,-0.469151,-2.69328
42,767,-0.639761,0.177800,1.39146,-0.0748255,-0.809362,-1.13585,-0.713587,0.582001,-0.711592,-0.215574,-0.134949,0.506213,-0.484127,-0.850747,-0.976967,1.10169,-0.0910523,0.628917,0.102492,-0.298580,-0.685653,-0.385194,-0.134949,1.07282,-0.410301,-0.0603898,0.174323,-0.821875,-0.422273,-0.338278,-0.837296,1.57085,3.25308,2.46948,-0.194808,0.314940,0.0965063,-0.338278,-0.452202,-1.08894,-0.142930,0.686660,0.661177,0.0839677,0.230192,0.112839,1.72867,-0.962624,-1.46781,-0.706389,1.99803,0.582001,-0.801381,-0.821875,0.735004,-1.89734,0.367868,1.78739,-0.627789,-1.68080
43,2151,-1.06601,-0.324560,0.921686,0.462571,-0.811656,-1.19242,-0.402813,-0.0131676,-0.500785,-0.119848,-0.378320,1.44000,-0.150348,0.254976,-0.911512,0.462571,0.388495,0.491404,0.0926965,-0.249595,-0.783395,-0.757050,0.0550152,0.580785,-0.410350,0.00124876,0.467626,-0.203463,-0.570495,0.373190,-0.627017,1.15744,3.26547,2.50392,-0.257740,0.949843,0.169943,-0.269778,-0.0410723,-0.356276,-0.218175,0.577902,0.644728,0.240560,0.149219,-0.206346,1.32676,-1.05691,-1.71036,-1.14052,2.31213,1.28430,0.164291,-0.696502,0.201972,-1.78349,-0.00904316,0.156945,-1.31093,-2.56774
44,1977,-0.581310,0.476738,1.47278,0.132873,-0.521452,-1.20097,-0.154424,0.262096,-0.294619,0.110971,0.154320,0.761467,-0.921559,0.647576,-0.819169,0.533684,0.406356,1.23018,0.596958,-0.662178,-0.598638,-1.06737,0.121240,0.430744,-0.524602,-0.854918,0.576480,-0.427824,-0.171752,0.562157,-0.589186,0.735185,3.64502,3.32403,-0.263115,-0.0445349,-0.267840,-0.607422,-0.406460,0.00803046,-0.195380,0.829364,0.0976116,-0.0292033,-0.0961410,-0.905293,0.420533,-0.889961,-1.72177,-0.370878,2.17848,0.732994,-0.126070,-0.712553,-0.146548,-0.631515,-0.242637,-0.00730110,-1.02710,-2.36617
45,1395,-0.431569,0.136937,1.30775,0.468670,-0.807579,-0.797945,-0.702033,0.418407,-0.526121,-0.231654,-0.205083,0.652966,-0.534917,-0.593544,-1.04726,1.16564,-0.0313707,0.371496,-0.0401663,-0.395845,-0.759204,-0.543281,-0.103934,0.917681,0.0675794,-0.00379750,0.201712,-0.730928,-0.554707,-0.288618,-0.913126,0.850665,3.58581,2.87792,-0.0643541,0.478722,0.118154,-0.0473583,-0.253459,-0.439406,-0.0929397,0.709930,0.465579,0.0632191,0.291866,0.257567,1.81570,-0.667262,-1.58379,-0.901820,1.60241,0.120183,-0.739414,-1.00905,0.168728,-2.28236,0.239093,1.46052,-0.473348,-2.01765
46,1233,-0.363246,1.46588,1.73418,0.405220,-0.730872,-1.29062,-0.434284,0.541981,-0.762839,-0.208687,0.0647635,0.809426,-0.853414,0.590607,-1.06120,0.815504,-0.0790901,0.469042,-0.0169311,-0.275548,-0.739751,-1.15082,0.760944,0.934030,-0.130593,-0.251235,0.300968,-0.166139,0.0132604,0.0982661,-0.656281,1.35951,3.25441,2.93379,-0.393437,0.0800313,0.551380,-0.561228,0.0594356,-0.184374,-0.159009,0.499433,0.192633,-0.822594,-0.00805127,-0.518680,1.24401,-0.941121,-1.27965,-0.962395,2.11068,-0.305940,-0.295759,-0.579463,-0.741527,-1.80120,-0.352590,0.614920,-1.22814,-1.59758
47,1095,-0.369300,0.715938,1.51215,0.626201,-0.566583,-0.531100,-0.670415,-0.0916969,-0.213550,-0.184529,0.262005,1.90109,-0.819935,-0.0267148,-0.986068,0.620012,-0.0162675,0.313668,0.313921,-0.450646,-0.527126,-0.574421,0.423984,0.719033,-0.0557241,-0.450646,0.0647222,-0.521817,-0.0972573,-0.422796,-0.780478,0.387933,3.54520,2.90676,-0.176170,0.452915,0.519511,0.0599281,-0.0121142,-0.196906,-0.190707,0.437443,-0.188630,-0.441363,-0.456519,-0.0359979,1.07813,-1.10975,-1.74820,-1.34183,2.05624,0.545747,-0.772172,-0.667253,-0.182400,-1.78433,-0.163710,1.21723,-0.782555,-2.07211
48,2852,0.248880,1.37524,1.58354,-0.217582,-0.425438,-0.178542,-0.193095,0.901558,-0.699707,-0.108271,-0.327609,0.930187,-0.631576,0.0452859,-0.928555,0.0713124,-0.191348,-0.0640255,0.0916558,-0.472642,-0.818498,-0.719893,0.407851,0.688141,-0.0184013,-0.0484096,-0.00442577,0.154597,-0.151168,-0.446615,-0.479593,1.45072,3.55758,3.47037,-0.0428584,0.305551,0.198219,-0.306072,-0.117977,0.172816,-0.435919,0.571021,0.0357538,-0.0406016,0.290807,-1.21700,1.17126,-1.46685,-1.55396,-0.631403,1.82112,-0.647019,0.119607,-0.248814,-0.918074,-1.38357,-0.0830379,-0.303469,-1.50504,-1.63603
49,2158,0.0715773,1.03832,1.56321,0.0654558,-0.813832,-0.810125,-0.485194,0.777186,-0.839357,0.0628956,-0.129435,0.329154,-0.706945,0.549330,-0.982937,0.103859,-0.140602,0.203705,-0.134221,-0.267367,-0.687801,-1.00470,0.559749,0.718301,-0.0911466,-0.106076,0.267803,0.129460,-0.0225473,-0.126558,-0.483598,1.78590,3.52388,3.23752,-0.280991,-0.0958354,0.263017,-0.953495,-0.407022,-0.0958354,-0.0528586,0.764385,0.382667,-0.0548726,-0.0129753,-1.38873,1.06547,-1.17111,-1.29722,-0.236645,2.12477,-0.00110883,0.0476473,-0.287849,-0.641536,-1.60378,-0.427762,0.252349,-1.23181,-1.81372
50,1075,-0.957511,0.387050,1.28877,0.764447,-0.873839,-0.514021,-0.470496,0.176410,-0.515550,-0.277051,-0.120788,0.603541,-0.449041,0.109123,-1.26002,0.0301326,0.213900,0.0359838,-0.464059,-0.236093,-1.04118,-0.765618,-0.165843,1.43732,0.243937,0.489445,0.803897,-0.274125,-0.521986,-0.0547085,-0.762276,1.10381,3.45781,2.38813,-0.0435526,0.779075,-0.0886069,0.185187,-0.0456980,-0.180507,-0.457623,0.349018,0.853242,0.378274,-0.00493462,-0.789023,1.31666,-0.967482,-1.64834,-1.35073,1.62560,0.334390,0.0658650,-0.423328,0.0293924,-2.86324,0.460626,1.05408,-0.468350,-1.90951
51,992,-0.401869,1.38652,1.99923,0.945476,-0.443646,-0.810408,-0.274338,0.0964772,-0.285332,0.129555,-0.173193,1.20459,-1.00874,0.0358344,-1.03952,1.43889,-0.254549,0.283919,0.275364,-0.0799382,-0.738286,-0.959259,0.853651,1.56017,0.205002,-0.256354,0.0203025,-0.217763,-0.179789,-0.165389,-0.861420,1.02541,2.99529,2.45879,-0.426056,0.551298,0.180815,-0.294945,0.172020,-0.325266,-0.353495,0.223276,0.319340,-1.00336,-0.0830415,-0.879321,0.959194,-0.441039,-1.49907,-1.17978,2.23010,0.146094,-1.08570,-1.11362,-0.142409,-1.66216,0.183014,-0.286675,-1.14287,-1.81101
52,575,-0.717776,0.811645,1.69848,0.111041,-0.909104,-0.939865,-0.733556,1.01374,-0.607319,-0.596300,-0.540255,0.175038,-0.129985,-0.400939,-0.816399,1.60993,-0.242414,0.276087,-0.254249,-0.188737,-0.816399,-0.724295,-0.226635,1.58972,-0.512641,-0.0641101,0.524870,-0.377361,-0.386404,-0.592932,-0.538283,1.13163,3.14035,2.09159,-0.240442,0.575865,-0.118150,-0.417780,0.229002,-1.02070,-0.662547,0.649967,0.964728,0.249141,0.0790956,-0.475041,1.57816,-0.572722,-1.44167,-0.828712,2.06733,-0.956707,-0.242414,-0.852290,0.461752,-2.06487,0.150104,1.88950,-0.757225,-1.10154
53,3647,-0.400373,0.799224,1.72893,0.242271,-0.530668,-1.14381,-0.288936,0.247311,-0.371228,-0.118111,-0.0557754,0.678257,-0.738113,0.423722,-0.945557,0.108702,-0.0660619,0.728660,0.179099,-0.269320,-0.527240,-0.743109,0.235675,0.889950,-0.131210,-0.486053,0.581987,-0.284441,-0.357513,0.277553,-0.494666,0.950433,3.53421,3.19337,-0.103779,0.554769,-0.0540610,-0.760750,-0.168927,0.0179770,-0.302651,0.758902,0.0693769,0.121303,-0.0266304,-1.69825,0.746571,-1.00016,-1.62104,-0.339885,2.25354,0.690858,-0.0952070,-0.659944,-0.275221,-1.34291,-0.530668,0.295194,-1.24387,-2.13171
54,1698,0.515418,1.09079,1.72568,0.784615,-1.32933,-1.11589,0.807093,1.03149,-0.0281574,-0.187707,0.187758,0.696348,-0.863407,0.678419,0.320337,0.373620,0.242683,1.55144,0.646103,-0.390446,-0.867195,-0.258045,0.348747,0.506021,-0.549005,-0.798683,0.553298,0.715656,-0.170207,-0.659386,-1.25736,0.839783,2.69919,1.78866,0.727545,0.107438,0.265411,-1.11589,-1.39941,0.274319,0.687771,0.653593,0.0191924,0.103300,-0.467563,0.454991,0.0116164,-0.300799,-1.64184,0.0467541,1.28438,-0.503539,-0.393698,-0.762825,0.180182,-2.10063,-0.329302,-0.766962,-1.92594,-2.73643
55,13519,-0.110980,0.0446297,1.39467,0.789105,-0.332132,-1.04034,1.03113,0.728508,-0.401810,-0.0765639,-0.117039,0.771792,-0.126127,0.598658,-0.147334,0.399554,0.246499,0.976667,0.0101994,-0.471886,-0.404840,-0.751786,0.452504,0.119654,-0.250336,-0.630592,1.44617,0.0359730,-0.441194,-0.122733,-0.323044,1.62015,3.60922,2.46273,0.313148,0.249505,-0.0352429,-0.953775,-0.204894,0.881443,-0.341221,0.509205,0.0919954,0.232191,-0.556314,0.0273163,-0.519960,-0.878751,-1.80143,-0.105420,0.937221,-0.313180,-0.613874,-0.419946,0.0283763,-2.23208,-0.977412,0.131197,-1.85596,-2.58123
56,21490,-0.261156,-0.121489,1.85378,-0.0715219,-0.428045,-0.897456,0.840312,0.586874,-0.315774,1.25115,0.288061,1.14533,-0.182263,0.757351,-0.161023,0.845529,0.376057,0.625084,0.00586646,-0.177336,-0.443217,-0.750493,0.0453130,0.351733,-0.506938,-0.468323,0.649148,-0.306663,-0.264191,-0.239060,-0.309706,0.992493,3.67136,2.02711,-0.0123396,-0.0509471,-0.00323659,-1.13260,-0.437148,0.131288,-0.497835,0.675052,0.676457,1.32463,-0.109439,-0.580015,-0.224744,-0.821035,-1.78743,-0.762250,0.813003,0.207708,-1.14415,-0.694647,0.130275,-2.01438,-0.421977,0.774987,-1.83902,-2.60811
57,10140,-0.483152,-0.190869,1.01294,0.487750,-0.457622,-0.906171,0.934647,1.00864,-0.311246,-0.493497,0.175537,-0.123007,-0.481450,0.794046,-0.180189,0.355694,0.706573,1.64874,0.563602,-0.522842,-0.329969,-0.550354,0.704871,-0.192703,-0.0406221,-0.588870,1.54398,0.0989195,-0.418475,-0.739267,-0.266993,1.05082,3.49281,2.86108,0.304892,-0.137680,0.000226883,-0.695248,-0.723140,0.678497,0.173835,0.993963,-0.0882792,0.751861,-0.529108,-0.0899934,-0.326565,-0.403626,-1.59799,-0.449478,1.03337,-0.0459749,-0.915471,-0.324759,-0.762287,-2.01030,-1.05844,0.0383940,-1.67628,-2.30376
58,716,0.165276,1.28746,1.67123,0.446056,-1.36045,-1.18803,0.926164,0.982036,-0.677370,-0.123200,0.195606,0.709887,-1.23518,0.403273,0.128353,0.580348,0.398686,1.45146,0.444840,-0.743558,-0.714294,-0.237289,0.514731,0.797830,-0.288355,-0.556975,0.990780,0.885774,-0.486159,-1.13574,-1.04397,0.487651,2.53102,2.19661,0.0769238,-0.364450,0.612314,-0.995504,-1.52925,0.339098,0.785064,0.771685,0.281322,0.0550639,-0.221101,0.377127,0.347257,-0.484481,-1.30771,0.0693250,1.43518,-0.609266,-0.207915,-0.138649,0.241761,-1.87137,-0.852757,-0.959852,-1.82200,-2.43231
59,23997,-0.244388,0.331470,1.34953,-0.116567,-0.489607,-1.03592,0.405058,1.47193,-0.290367,0.110360,0.548741,0.967644,-0.334430,0.645678,-0.250136,0.542881,0.445289,1.42926,0.301606,-1.00488,-0.370829,-0.341556,0.414637,0.207338,-0.244388,-0.671280,1.03343,0.471118,-0.332514,-0.624731,-0.263546,0.771749,3.95881,2.29624,0.0851241,-0.135963,0.115776,-0.999065,-0.725247,1.19263,-0.194578,0.961825,0.217312,0.469178,-0.405313,-0.364830,-0.246304,-0.750802,-1.56627,-0.289188,0.690508,-0.471506,-0.847856,-0.114628,0.0333983,-1.89514,-1.10649,-0.826444,-1.68696,-2.22680
60,530,-0.291527,1.04197,1.34011,0.386911,-0.767739,-1.47112,-0.486896,1.49040,-0.196895,0.745048,0.221317,1.06492,-0.523528,0.812390,-0.575423,0.970032,1.03790,0.420582,0.589160,-0.438030,-1.05469,-0.869631,-0.125158,-0.381401,-0.462475,-1.19410,0.808950,-0.480884,-0.641055,-0.243656,-1.04095,0.226208,2.60390,2.19290,-0.314422,-0.822186,0.151106,-1.35327,-1.57364,-0.188558,-0.967687,0.287428,0.575423,0.0517307,-0.0564739,-0.506902,0.541844,-1.22471,-1.32179,1.10931,2.49096,0.976154,0.473159,0.146622,0.572370,-0.866570,0.102263,0.310385,-1.10811,-2.19198
61,3376,-0.670716,0.454157,0.996866,-0.0495379,-0.577669,-1.20155,-0.000484858,1.30030,-0.775394,0.0335800,0.0634852,0.962838,-0.692524,0.390987,-0.708517,0.412598,0.611592,1.09583,0.307734,-0.578168,-0.955674,0.226413,0.551984,0.509014,-0.595115,-0.651312,0.604323,0.362727,-0.337781,-0.149279,-0.518061,0.663614,3.30415,2.83964,-0.105163,-0.169228,0.445851,-1.46254,-0.904788,0.474105,-0.669262,0.400961,0.527268,-0.187514,0.0867470,-0.0794604,0.799140,-1.09849,-1.35112,0.635354,2.42892,0.0884378,-0.427921,-0.383672,0.0460388,-1.74514,-0.233103,-0.746066,-1.25081,-2.34858
62,4020,-0.489298,0.499332,0.993148,-0.291754,-0.528709,-1.31003,-0.0967077,1.55520,-0.543867,0.160996,0.206451,0.855647,-0.627235,0.680758,-0.540835,0.362036,0.550536,0.885067,0.156430,-0.991308,-0.763657,-0.468277,0.462620,0.574517,-0.421087,-0.461739,0.977990,0.362036,-0.416540,-0.422511,-0.355908,0.703641,3.77160,2.55387,-0.0588129,0.0367757,0.101861,-1.58135,-0.962226,0.989674,-0.475656,0.836033,0.642999,0.281947,-0.119445,-0.389822,0.253441,-0.842571,-1.50488,-0.0956167,1.67374,-0.000817237,-0.371066,-0.0678307,0.465652,-1.66961,-0.425635,-0.468277,-1.55490,-2.27600
63,3204,-0.578997,0.738233,0.834764,-0.258427,-0.511042,-1.29948,-0.129902,1.56649,-0.660247,0.185554,0.127145,0.876020,-0.614451,0.856117,-0.667634,0.575950,0.803741,0.663215,0.192146,-0.769770,-0.951272,-0.0471535,0.552603,0.540738,-0.484450,-0.569213,1.03124,0.180961,-0.379563,-0.503382,-0.428314,0.595853,3.39638,2.63204,-0.0619471,-0.174224,0.240896,-1.75112,-1.13002,0.615755,-0.655815,0.707613,0.596922,0.0125542,-0.126948,-0.677912,0.434420,-1.15404,-1.36787,0.686180,2.31500,0.168713,-0.273199,-0.468169,0.0532811,-1.56587,-0.273199,-0.336506,-1.28366,-2.02669
64,4730,-0.972916,-0.616733,1.41690,-0.154526,-0.614316,-2.05623,0.128499,0.585789,-0.181434,-0.00567947,-0.119960,0.781639,0.131060,0.928527,-0.680913,-0.285746,0.151551,-0.507057,-0.0917843,-1.68999,-1.12148,-1.50589,-0.678352,-1.04173,-1.12148,-0.456136,1.34518,-0.522725,-0.716773,0.250885,-0.522104,1.19488,3.45323,2.15455,0.305237,0.290055,-0.143013,-1.53135,-0.0508015,0.337059,-0.0764158,0.930486,0.548573,0.521158,-0.335120,0.178420,0.346220,0.521158,-1.21113,0.305723,1.44763,1.59442,0.0260414,-0.371920,0.912296,-1.07306,0.0209185,1.21643,-1.59534,0.0276151
65,5818,-0.791534,-0.592720,1.17397,-0.188938,-0.637581,-1.25049,0.299584,0.959453,-0.654023,0.0107823,-0.299783,-0.403854,-0.643560,0.605601,-0.515018,0.0129532,0.801797,1.43270,0.795819,-0.668701,-0.447757,-0.492860,0.797313,0.132351,-0.0920226,-0.295311,1.63135,0.197477,-0.456725,-0.866250,-0.284837,1.42619,3.18582,2.51163,-0.180209,-0.0304643,0.0858446,-0.822833,-0.610677,0.0628832,-0.639076,1.22430,0.538733,1.02458,-0.172735,0.00644054,0.812260,-0.217159,-1.73617,-0.518910,1.11718,0.188794,-0.0845492,0.471007,-0.353592,-2.04720,-0.872247,0.455811,-1.76756,-2.32725
66,5991,-0.914272,-0.359580,1.55188,-0.155804,-0.607954,-2.00253,0.188083,0.109530,-0.851837,-0.274673,-0.321146,0.457648,-0.760137,0.338779,-0.701605,0.185946,0.773404,1.21756,1.18703,-0.805341,-0.627464,-0.656754,0.219300,-0.155804,-0.668437,-0.331986,1.73723,0.0819353,-0.323097,-0.191889,-0.483085,1.21332,2.74984,2.64400,0.0163888,0.130757,-0.0421433,-1.76903,-0.648926,-0.0730197,-0.317244,0.629585,0.513912,0.421563,-0.0265347,0.669915,0.890468,-0.155804,-1.72592,-0.298023,1.12069,1.26002,0.264175,0.183824,-0.0577519,-2.07894,-0.209935,1.09233,-1.92493,-1.32752
67,3381,-0.229467,0.335224,1.66225,0.753208,-0.523841,-1.89402,0.537835,0.463132,-0.704808,-0.541856,-0.224641,0.424303,0.0793841,0.732651,-0.297028,0.485972,0.187965,0.698390,0.277242,-1.59709,-1.02572,-1.07404,-0.569686,-0.644639,-0.685505,-0.210667,1.82150,-0.288325,-0.924382,0.0200235,-0.506950,1.81758,3.04725,1.85413,0.376171,0.298679,-0.227054,-1.83692,0.190377,0.481404,-0.465931,1.34478,0.631938,0.170772,-0.388718,0.221021,0.0842099,-0.831932,-1.74718,0.319236,1.22069,0.855991,-0.477996,-0.302030,0.723628,-1.46690,-0.111235,0.771481,-1.73029,-1.35955
68,1576,-0.901044,-0.585676,1.44189,-0.724725,-0.364681,-2.38038,-0.625008,-0.263923,-0.398344,-0.0682849,-0.440984,-0.0553501,-0.788834,0.610791,-0.0280524,0.969730,1.43516,0.917991,0.645205,-0.575975,-0.658671,-1.10468,0.144750,-0.613162,-1.73364,0.329459,1.68651,-0.0197795,0.162704,0.512163,0.701310,0.953562,2.74353,1.56796,0.126797,-0.194399,0.0617153,-1.95191,-0.847183,0.206579,-0.631740,0.778943,0.138018,0.643127,0.492600,0.300356,-0.218809,-0.0844534,-1.68427,-0.446627,0.777613,0.924459,0.683357,0.0578291,0.0460060,-2.18959,-0.485868,1.79756,-1.48005,0.688399
69,3056,-0.249584,-0.758594,1.42865,-0.193304,-0.252219,-2.83073,-0.391852,-0.318131,-0.929309,-0.323481,-0.736984,-0.0131959,-0.779137,0.279257,0.485467,0.602025,1.10460,0.644823,0.496006,-0.831707,-0.847637,-1.34707,0.0165099,-0.779993,-1.04260,0.616291,1.89761,-0.475057,-0.170546,0.322055,-0.202161,1.40627,3.37035,1.55071,0.253623,0.104499,-0.117854,-1.87847,-0.310180,0.432616,0.200931,0.712586,-0.665850,0.539611,-0.109951,0.307789,-0.260122,0.288173,-1.56688,0.181178,0.387988,1.11203,0.727850,-0.0773928,0.171951,-1.50042,-0.505139,1.55785,-1.40354,0.669788
70,3532,-0.682871,0.184604,0.687405,-0.663553,-1.56891,-0.794039,0.652375,-0.492918,-0.759112,-0.518011,-0.126518,-0.219400,-1.72346,0.267413,-0.577782,0.811940,0.854310,1.38407,-0.0667621,0.959991,-0.569540,-0.0161429,0.590558,-0.144119,-0.196578,-0.713740,0.475166,0.269922,0.0383267,0.154492,-0.886867,0.601155,2.84482,3.13559,-0.738506,-0.189287,0.450440,0.761753,0.874916,0.0516094,0.215535,-0.618385,1.47660,-0.236965,-0.0358536,-0.164194,0.0754169,-0.354904,-1.31134,-0.450259,1.96702,0.395389,0.0424478,0.623739,-0.802384,-3.00226,-0.489178,0.340184,-0.709658,-1.36366
71,7100,-1.16277,-0.468674,0.255871,-0.705910,-1.35708,-1.00641,0.631283,0.681359,-1.18729,0.658765,0.0445840,0.0487282,-1.22691,-0.443820,-0.134633,0.484792,1.33683,2.19516,0.904824,-0.373779,-0.510044,-0.391854,1.36135,-0.389595,0.184184,-0.125245,0.748245,0.163957,-0.245936,-0.267587,-0.655304,0.613577,2.38006,3.13055,0.370947,0.394416,0.321898,-0.843734,-1.15334,-0.156877,0.997262,0.848555,0.346422,-0.222399,0.316239,-0.315035,0.972737,-1.10808,-1.67967,-0.746579,1.08215,-0.136542,-0.381763,0.337931,-0.911867,-0.538715,-0.161043,1.00671,-1.48725,-2.32364
72,5591,-0.904341,-0.289872,0.503045,-0.245230,-0.889488,-0.999671,0.581026,-0.205053,-1.10487,0.131990,0.0388672,0.0627956,-1.05473,-0.269783,-0.469871,0.0918125,1.17146,2.29264,0.618161,0.337340,-0.688963,-0.182732,1.17146,-0.285408,-0.0391147,-0.593434,-0.0706787,0.236897,-0.228499,-0.269783,-0.666683,0.210112,3.15628,3.12966,-0.0224043,0.576172,1.20674,-0.162644,-0.683393,0.533763,0.529039,0.832861,0.889240,0.0538673,-0.222929,-0.863514,0.0332970,-1.26752,-1.48921,-0.903692,1.43697,-0.914852,-0.0651086,0.687776,-0.943332,-1.66929,-0.477298,1.25695,-1.31467,-1.31216
73,2126,-0.997095,-0.400982,0.893359,-0.276101,-1.05808,-1.00378,1.23368,0.235433,-1.29020,0.269055,0.482220,-0.232872,-1.21939,0.0216938,-0.239733,0.583661,1.63498,2.60818,0.948440,-0.355352,-1.21939,-0.410588,1.26319,-0.360155,0.0848507,-0.345746,0.234356,0.415551,-0.558415,-0.569092,-1.10135,-0.105589,2.07760,2.88436,-0.109899,0.127363,0.633692,-0.679564,-1.37873,-0.739603,0.519596,0.199410,0.785164,0.0240954,-0.157112,-0.869288,-0.259405,-1.39763,-1.45151,-0.888500,1.16876,-0.583501,-0.0213767,1.19126,-0.534809,-0.804446,0.669101,1.95976,-1.03250,-0.497045
74,10502,-0.925789,0.0307548,0.926356,-0.307013,-1.34895,-1.31125,0.988024,-0.413558,-1.04062,-0.152864,-0.107103,0.155434,-1.04912,-0.245807,-0.366531,0.128232,1.31550,1.90095,0.182096,0.921647,-0.779064,-0.535971,1.24958,0.0398224,-0.392048,-0.764928,-0.0284237,0.0647583,-0.506877,-0.146063,-0.789696,0.234776,3.16552,3.38577,-0.160264,0.463733,0.979518,0.277847,-0.177276,0.280114,0.0842786,0.670021,1.23469,0.0556907,-0.126241,-0.00551561,0.137440,-0.588109,-1.20436,-0.313814,1.18153,-0.939479,-0.511130,0.139566,-0.749293,-2.15681,-0.258081,0.751629,-0.923663,-1.61955
75,635,-1.67616,0.106247,0.461562,0.634263,-1.32498,-2.15607,-0.287936,0.241471,-0.752247,-0.561285,-0.252582,0.821000,-0.405781,1.02276,-0.476488,-1.30823,0.461562,0.649288,0.192874,0.0225373,-1.30141,-1.17301,0.473347,0.00321961,-0.716893,-1.69244,-0.163019,-0.245764,-0.657970,-0.866075,-0.747533,0.308009,2.09254,2.12602,0.225871,0.893978,0.930587,-0.166346,1.07672,0.535528,-0.0263185,0.696509,1.80971,0.258642,0.273009,1.06569,-0.191302,-0.788804,-0.761675,0.610653,2.68884,1.09359,0.600620,0.801683,-0.492987,-1.31038,0.0255336,0.0182445,-1.07750,-1.64093
76,958,-0.884154,-1.33111,0.700973,0.485066,-1.84993,-1.47794,-0.241181,0.365343,-1.21745,-0.416244,0.107862,0.209477,-0.317288,0.256915,-0.432761,0.573164,0.475276,0.457959,1.39906,-0.861251,-0.928769,-0.456904,0.564505,0.376638,-0.246429,-1.41695,-0.818545,0.780985,0.0475016,0.204960,-0.810672,0.123638,1.03689,1.36830,-0.241181,0.997841,0.564505,-0.664725,-0.474751,0.760654,-0.0627225,0.577682,1.56440,0.0965314,0.441159,-0.262637,1.66937,0.602530,-1.04949,0.767431,2.29660,1.56709,0.661607,0.0649065,-0.976008,-2.07655,0.595998,0.988805,-1.57437,-2.66161
77,13750,-0.886781,0.102827,1.10528,-0.241391,-1.83267,-2.20422,0.375924,-0.498897,-0.841196,-0.244018,-0.257708,0.489087,-1.21499,0.843816,-0.316968,-0.00753259,0.555985,1.12497,0.264241,0.131731,-0.800170,-0.969241,0.619804,-0.225625,-0.519822,-1.04807,-0.287338,-0.212487,-0.271383,-0.157307,-0.879944,0.730828,3.07912,2.79614,-0.339761,0.673020,0.565102,0.504853,0.473932,-0.00490497,-0.205285,0.0397645,1.74803,0.510108,-0.0799263,0.620468,0.786189,-0.0495745,-0.807008,-0.296571,1.56569,0.686159,0.204980,0.757104,-0.622388,-2.46961,-0.118674,0.168518,-1.06228,-1.54994
78,4324,-0.591421,-0.530646,2.01140,0.350531,-0.117582,-1.61411,-0.361083,0.746784,-0.403860,1.32038,-0.476252,1.02943,-0.239333,1.43399,0.139081,0.0484925,0.106175,-0.597150,-0.440056,-0.619318,-0.262366,-1.17629,-0.180103,0.688593,-0.574969,0.974006,1.64286,-0.674738,-0.532192,-0.408722,-0.321596,0.793891,3.81792,1.11810,-0.00899399,-0.159332,-0.252495,-1.65290,0.264122,-0.195355,-0.0780956,0.688593,0.570143,0.464142,-0.492705,-0.998945,-0.00570343,0.791120,-1.11462,-0.658112,0.797191,0.497394,-0.571678,-0.904731,0.00416822,-1.78591,-0.973125,1.96325,-1.35483,-0.932441
79,2385,0.422765,0.575318,2.38004,1.17788,0.810585,-0.0739585,1.08327,1.28532,0.598496,1.23394,-0.274100,0.920975,0.392466,0.248344,0.434884,0.355778,-0.0256523,0.878936,-0.0377717,-0.101985,-0.261980,-0.583103,-0.0983686,-0.0646164,-0.280159,0.453870,0.816645,-0.606458,-0.643741,-0.0225769,0.325810,1.72440,2.62849,1.81315,0.925719,-0.0179059,0.313690,-0.541064,-0.0317120,-0.671853,-0.546786,0.556633,-0.0256523,1.14519,-0.498308,-1.30244,-0.558905,-0.989484,-1.32849,-1.54534,-1.06186,-1.20435,-1.52846,-1.47060,-1.08004,-1.74152,-1.32849,-0.741919,-1.52240,-0.690537
80,3155,-0.485582,0.206151,1.75479,1.43293,0.941023,-0.413565,0.961116,0.591892,0.127255,0.724688,-0.00334925,1.74279,1.25247,0.857484,0.257860,0.0101184,0.298046,0.104973,-0.123907,-0.830924,-0.485582,-0.868866,-0.164094,-0.198561,-0.324838,-0.160619,1.66437,-0.849895,-0.817117,-0.666510,-0.133954,1.33176,2.35758,2.74825,1.67442,0.433801,0.348279,-0.546361,-0.786978,-0.432535,-0.776931,0.212474,-1.04819,0.655128,-0.565954,-1.17240,-1.09842,-1.25461,-2.01265,-1.23564,-0.947722,-0.362976,-0.626233,-1.47593,-0.154047,-1.35578,-0.626233,0.383212,-0.455443,0.389536
81,9547,-0.888078,-1.03931,1.71320,0.407104,-0.441589,-1.34344,-0.519239,0.361604,-0.616302,0.993813,-0.632941,0.454999,-0.580250,1.09679,0.445841,0.435841,0.451388,-0.102973,-0.191999,-0.469367,-0.621849,-0.907603,0.193478,0.308920,-1.03506,-0.0263420,0.792494,-0.545999,-0.372259,0.0574735,-0.283516,0.957892,3.55462,1.82000,-0.150401,-0.739972,-0.344527,-1.39852,-0.399991,-0.560367,0.135241,0.632209,1.11141,0.677709,-0.427723,-1.08721,0.00489918,0.663341,-1.20700,-0.950708,1.66606,2.13849,-0.200319,-1.11834,0.443068,-0.991419,-0.169814,1.63800,-1.42886,-1.36260
82,6387,-0.852334,-0.819404,1.29061,-0.0964503,-0.195851,-1.63864,-0.732760,-0.0711131,-0.922671,0.536979,-1.18292,0.966021,-0.388107,1.18730,0.613029,0.295431,0.765427,-0.297458,0.0526746,-0.621774,-0.254465,-1.25858,-0.123169,-0.545763,-0.838266,0.959265,1.97523,-1.01534,-0.575673,0.121449,-0.695247,1.02176,3.11235,0.400158,-0.317769,-0.201177,-0.195851,-2.25011,0.235552,-0.194421,0.348092,0.513331,0.240241,0.200839,-0.690557,-0.760284,0.0831542,0.707582,-1.34001,-0.260297,1.26482,1.68222,0.0245397,-0.461305,1.15463,-1.43087,-0.631943,1.94404,-1.22278,1.38662
83,4964,-0.485186,-0.519838,1.24483,0.100964,0.444495,-1.91527,0.185801,0.377487,-0.238619,0.0643387,-0.719628,0.732754,0.0119911,0.860943,0.581926,0.500182,0.897209,-0.369673,-0.355839,-0.906237,-0.295208,-1.32560,-0.125440,-0.849467,-1.05512,-0.122451,1.64904,-1.16811,-0.634744,0.00207538,-0.367966,1.40666,3.59329,0.441581,0.755736,-0.104139,-0.517523,-1.68453,-0.743880,0.404956,0.177717,0.157734,-0.618575,0.108289,-0.816638,-0.201196,-0.679207,0.287754,-0.966195,-0.355023,0.464705,1.11549,-0.149693,-0.382492,0.755736,-1.13148,-0.258829,1.78574,-1.73419,2.68855
84,6530,-0.209502,-0.273969,1.59291,-0.192452,0.176730,-1.43648,-0.268022,1.17917,-0.110018,1.08702,-0.385061,1.84194,0.685853,1.85257,0.797041,0.381714,0.211842,-0.320044,-0.426025,-1.18129,-0.718625,-1.11750,-0.455285,-0.359031,-0.654253,0.0272904,1.58121,-1.09978,-0.765441,-0.702822,-0.478693,0.675885,3.71133,0.495129,0.445922,-0.0896693,0.276214,-1.22028,0.0830980,-0.0223288,-0.209502,0.562470,-0.273874,0.569558,-0.601585,-0.731176,-0.525509,-0.217262,-1.53790,-1.04307,-0.232910,0.998410,-0.426025,-0.745353,0.814597,-1.33015,-0.853221,2.19636,-1.24530,0.215135
85,8217,-0.0922691,-0.159550,2.12891,1.18923,0.564970,-1.25448,1.05430,0.390973,-0.351327,0.556130,-0.476059,0.984314,0.497807,0.932320,0.574565,0.550013,0.660918,-0.104498,-0.245785,-1.42881,-0.605588,-1.40740,-0.394503,-0.936399,-1.05654,-0.208485,1.11667,-1.41964,-0.869443,-0.388934,-0.332138,1.68470,3.04521,1.30851,0.593755,-0.248245,-0.173824,-1.41352,-0.538424,0.323687,-0.533627,0.458259,-0.284164,0.0239577,-0.634372,-0.508214,-0.667953,-0.514331,-1.49790,-0.697839,-0.0203086,0.941496,-0.140243,-0.404227,0.943963,-1.45328,-0.437680,1.73058,-1.82892,1.47367
86,2146,-0.770280,0.0472632,1.92243,0.198301,-0.244332,-0.578464,1.35574,0.00410962,-0.562864,0.318514,-0.736946,0.491129,-0.303593,1.25248,0.803862,2.24810,0.785343,0.488047,0.144574,0.0133568,-0.636941,-0.402767,0.214948,1.44359,-0.907323,0.488047,1.67057,-0.674019,-0.603606,-0.193164,-0.114696,0.494211,3.23730,2.24810,-0.0220998,-0.301048,0.307544,-1.37064,-0.522121,-0.809644,-0.785096,-0.596959,0.322360,0.346256,-0.751761,-1.33365,0.0260505,0.0195216,-0.981401,-0.929858,0.148278,-0.0575384,-0.581383,-1.12405,-0.336928,-1.52784,-0.588791,1.27406,-1.48883,-1.47544
87,9291,-1.02506,-1.21297,1.22344,0.324842,-0.0737707,-2.06885,-1.00147,0.737129,-0.830474,-0.198779,-1.18229,0.408344,-0.765614,0.789317,0.586625,0.0639016,0.838205,0.196112,-0.295868,-0.237050,-0.0894944,-1.05814,0.0166407,-0.501470,-1.04078,0.938923,1.20968,-0.640639,-0.459002,0.719733,-0.488484,1.36339,2.90587,0.269175,-0.409865,-0.464938,-0.561206,-1.76964,-0.592653,-0.176164,1.14875,0.462271,1.08389,-0.191820,-0.791165,-1.03727,-0.111114,0.378770,-0.930713,-0.520606,1.88383,2.44368,0.0539845,-0.586711,0.962029,-0.807641,-0.433451,2.09576,-0.830474,0.281352
88,4056,-0.770669,-0.515598,1.14221,-0.422417,0.108441,-2.02658,-0.591591,-0.109990,-0.757102,0.270040,-1.23736,0.629971,0.124721,1.17626,0.594123,0.268212,0.583269,-0.173937,-0.309407,-0.798792,-0.534611,-1.31037,-0.626864,-0.690996,-0.963313,-0.376741,1.56277,-1.08381,-0.659423,-0.278079,-0.531898,0.564197,3.66829,0.597084,0.178987,-0.122779,0.0216157,-1.70319,0.252246,0.0142507,-0.0190839,0.401588,-0.393520,0.443611,-0.523758,-0.738499,-0.198162,0.511212,-1.06642,-0.541176,1.19105,1.97286,0.244106,0.209746,1.06624,-0.380395,-0.575311,2.45703,-0.979593,1.75727
89,2661,-0.856468,-0.749735,0.754073,-0.704989,-0.750985,-0.934559,-0.143816,-0.319777,-0.797295,0.802783,-0.568320,0.0187417,-0.727830,1.04792,0.802955,1.40589,0.887856,0.452591,0.172632,-0.325614,-0.529729,-0.761408,0.388743,-0.0435147,-1.01341,0.0206872,1.41527,-0.0610243,-0.107798,0.147145,-0.287890,1.10434,3.59696,1.65103,0.0285578,-1.08047,-0.190126,-1.65634,-0.488565,-0.380088,-0.655793,0.617959,0.939311,1.14130,0.0465670,-0.741953,0.813246,0.501229,-1.37874,-0.819774,1.06538,1.36114,-0.488565,-0.854793,-0.722685,-1.18164,0.0671490,2.05958,-1.27068,-1.71665
90,5252,-0.0503166,-0.0440593,1.55275,0.420351,0.592157,-0.508470,1.22216,1.22612,0.405029,1.18246,-0.0128910,1.94457,1.10988,2.18670,1.24711,1.04353,1.04750,0.261578,0.0494852,-0.369543,-0.118930,-0.615641,-0.106455,-0.194893,-0.461999,-0.401298,1.12235,-0.671212,-0.605464,-0.595795,-0.143881,1.27375,2.06423,1.32932,0.854137,0.543400,0.579682,-0.500531,-0.193782,-0.135354,-0.324772,0.598970,-0.0815047,-0.0361207,-0.780117,-1.33806,-1.29784,-1.33409,-1.47249,-1.38569,-1.25418,-0.766475,-1.02962,-1.26264,-0.530613,-1.51668,-1.34774,-0.365574,-2.03388,0.0313577
91,6671,-1.06752,-1.36682,0.699538,-0.306740,-0.669157,-1.68364,-0.390148,0.376288,-1.08147,0.636489,-0.718758,0.872598,-0.836562,0.440134,0.186471,-0.0176278,0.735189,-0.612718,-0.507952,-0.332038,-0.258393,-0.621150,0.480981,-0.578988,-1.14037,-0.0308788,1.06225,-0.945197,-0.0739373,0.630466,-0.667607,1.05932,3.04631,1.08702,-0.187091,-0.534416,-0.600955,-1.84265,-0.467650,-0.0549715,1.14285,0.699130,1.55517,-0.0706318,-0.356047,-0.510324,-0.504851,0.410018,-0.903215,-0.00678607,2.04343,2.89759,0.197322,-0.387451,0.529032,-0.698247,-0.245993,2.00014,-1.00087,-0.507914
92,940,0.897808,-0.173698,2.23551,1.06383,0.423447,-0.906223,0.100881,1.74641,0.0154955,0.170367,-0.572713,1.10267,0.119855,0.741959,0.660627,0.125972,-0.544251,0.436740,0.252676,-0.900673,-1.16092,-0.728641,-0.00347896,-0.262488,-0.174249,0.214763,0.575242,-1.03386,-0.648611,-0.390125,-1.05656,1.35795,2.33987,0.847398,1.04012,0.292455,0.195753,-0.445620,1.12550,0.0371809,0.224215,1.41344,-0.553739,1.66871,-0.164762,-1.47226,-0.724509,-1.23364,-1.78708,-1.51666,-1.93887,-1.37792,-1.56887,-1.68314,-0.183736,-0.362378,0.537293,0.653168,0.338061,0.614322
93,1920,-0.585424,-0.0603037,1.34382,0.0201304,0.418872,-1.84700,-0.252170,0.0636440,-0.775855,0.393292,-0.998024,0.411752,0.291918,0.962924,0.525423,0.0781485,0.675047,-0.412368,-0.476606,-1.68613,-0.710111,-1.38549,-0.385925,-1.15342,-0.873337,-0.345120,0.836006,-1.24967,-0.735048,-0.248862,-0.485674,0.867985,3.77635,0.742719,0.106021,-0.0695339,-0.163756,-1.31165,-0.660236,0.786233,-0.170557,0.178362,-0.490208,0.336593,-0.952683,-0.171065,-0.442601,0.101883,-1.07510,-0.351713,1.08538,2.45030,0.380333,0.233742,1.38236,-0.731467,0.158163,1.69606,-0.746383,1.70002
94,1421,-0.479714,0.0302691,1.27271,0.0132959,0.559809,-1.21556,0.0854912,-0.0257423,-0.800660,0.454598,-1.06196,0.301840,0.159337,1.15898,1.18466,0.692222,0.840992,0.103254,-0.144567,-1.11202,-0.610365,-0.911741,-0.0764019,-0.236209,-0.207052,0.592080,2.04241,-1.25630,-1.05628,-0.485715,-0.635927,0.497031,3.25803,0.804245,-0.266697,-0.130976,-0.263857,-1.39378,-0.587643,0.289958,-0.496756,-0.171711,-0.158769,-0.129279,-0.678530,-0.609619,-0.655809,-0.628289,-1.46243,-0.989817,0.218982,1.27270,0.0911716,-0.983028,0.852353,-0.988120,0.307029,2.62886,-1.22953,2.42858
95,6958,-0.387863,0.672942,1.09014,-0.391447,-0.565970,-0.604325,-0.0704292,0.214118,-0.751259,-0.147568,-0.0632474,0.623340,-0.590388,0.406328,-0.703860,-0.279841,0.0444788,0.968491,0.0559696,-0.627059,-0.597570,-0.0194275,1.05711,0.652275,-0.396481,-0.292242,0.476820,0.468332,-0.272955,-0.333577,-0.331845,1.36945,4.08350,3.32668,-0.123574,-0.0194275,0.463893,-0.978411,-0.459680,0.633674,-0.323227,0.912688,0.350421,0.133514,-0.0460112,-0.523721,0.0372971,-1.13549,-1.24393,0.00950737,1.67474,-0.0917646,-0.441008,-0.184770,-0.102029,-1.69352,-0.588952,-0.893674,-1.27409,-2.17507
96,2707,-0.723788,0.575839,1.11452,-0.180837,-0.603127,-0.637029,0.722368,0.581303,-0.752178,0.379158,-0.0246643,-0.713516,-0.819607,0.193403,-0.289054,-0.489518,-0.0388597,1.31066,0.191815,-0.784540,-0.808960,-0.691663,0.825285,1.09486,-0.0690250,-0.743565,0.190041,0.269891,-0.345835,-1.02493,-0.443429,2.19846,3.47450,2.05914,-0.273084,-0.235471,0.704624,-0.921124,-1.20288,0.160623,0.184718,1.46091,-0.100965,0.332719,0.552024,0.586766,0.552024,-0.850100,-1.45840,-0.467664,1.78525,-0.934783,-0.0637017,0.715155,-0.507308,-1.39371,-0.0477319,0.237110,-1.72456,-2.08755
97,855,-0.411873,0.614307,1.55945,0.492662,-0.470397,-1.20868,-0.499659,1.59760,-0.422654,0.538279,-0.0822922,1.00965,-0.564343,0.533210,-0.799978,0.430150,0.992696,1.16678,0.603052,-0.416296,-0.853882,-0.532872,0.0409156,0.0635259,-0.641348,-0.875843,0.318133,-0.0986674,-0.0407096,0.0821105,-0.722973,0.431840,2.88394,2.58428,-0.236302,-0.0716352,0.00241317,-0.730545,-0.913945,-0.00912321,-0.752235,0.663303,0.778623,-0.196659,0.310433,-1.02790,0.960354,-0.840364,-1.56849,0.479146,2.45117,0.568690,-0.524301,-0.512598,0.130241,-1.42494,-0.348729,-0.651138,-1.17730,-2.65828
98,4958,-0.312693,1.01115,1.68826,-0.372562,-0.604532,-0.456423,0.0887879,0.626787,-0.548099,-0.0743877,-0.478767,0.391509,-1.02052,0.184185,-0.928618,-0.162908,0.311295,0.549914,0.251637,-0.475059,-1.07696,-0.843118,0.317745,0.494007,-0.315917,-0.593863,0.198429,0.969222,0.00978169,-0.295689,-0.283670,1.85443,3.55377,3.03548,0.143609,-0.414493,0.108136,-0.866413,-0.719010,0.214468,-0.124045,1.08337,0.195204,0.163220,0.261312,-0.815164,1.01590,-1.14129,-1.43652,-0.0976826,1.71890,-0.824482,-0.0692245,0.284353,-0.299794,-1.44413,-0.186928,0.135266,-1.45748,-2.11968
99,7705,-0.367677,0.494436,0.572880,0.410930,-0.441810,-0.288136,0.183684,0.415701,-0.834095,0.236760,-0.407832,-0.137825,-0.841817,0.208129,-0.602430,-0.421745,0.137351,0.740182,-0.194701,-0.285750,-0.966916,-0.777243,0.345849,0.804601,-0.112846,-0.438447,0.280983,0.303565,-0.407832,-0.886994,-0.387755,1.20066,3.46251,3.56030,0.169784,-0.338239,0.682535,-0.483779,-0.553009,-0.0280738,-0.267289,1.21975,0.841611,0.153254,0.251639,-1.08741,0.991421,-1.29021,-1.47349,-0.605459,2.24550,0.348897,-0.213234,-0.0280738,-0.500498,-1.23056,0.0585854,0.274934,-1.65110,-2.04415
100,2467,-0.372392,0.907556,1.03366,-0.552845,-0.486670,-0.401462,0.000819692,0.206297,-0.492456,-0.0519450,0.0615751,0.451181,-0.495349,0.758399,-0.499689,-0.223364,0.0413233,1.37729,0.0210715,-0.336901,-0.430254,-0.165482,1.03366,0.299798,-0.119245,-0.356937,0.806552,0.330965,-0.200252,-0.365842,-0.337675,1.42181,4.27829,3.27403,0.0644682,-0.0296828,0.242395,-0.742073,-0.642898,0.731685,-0.0946530,0.555813,0.0557888,0.310929,-0.229183,-0.650798,-0.365159,-1.22071,-1.22875,-0.361390,1.31429,-0.399235,-0.641451,-0.274567,-0.388304,-1.52793,-0.739817,-0.742073,-1.18970,-2.22251
101,7765,-0.501690,-0.199209,1.39492,-0.530359,-0.568495,-0.728161,0.0620800,0.709788,-0.545683,0.305296,0.148438,0.0919369,-0.602712,0.356413,-0.540795,-0.208099,0.314636,1.82103,0.225019,-0.792613,-0.591306,-0.634816,1.00550,-0.188096,-0.433255,-0.705936,1.04623,0.116384,-0.247504,-0.677043,-0.379485,2.02550,3.94166,2.69891,0.125626,-0.219211,0.0246040,-0.865955,-0.850379,0.847582,0.00342188,0.878697,-0.169294,0.894255,-0.193735,-0.423680,-0.338750,-0.537027,-1.18115,-0.545917,1.53831,-0.539249,-0.588047,0.758683,-0.250763,-1.37490,-0.633670,-0.361450,-1.21373,-1.97275
102,3167,-0.0889762,0.546544,1.52490,0.0338123,-0.484953,-0.953917,-0.301952,0.724113,-0.806782,-0.236981,-0.118951,0.542105,-0.671109,0.524348,-0.835179,0.151452,0.354328,1.11255,0.0987576,-0.705320,-0.584341,-0.561045,0.116111,0.424465,-0.475487,-0.436747,0.513665,0.129256,-0.0937090,0.269092,-0.552789,0.988248,3.65939,3.44092,-0.189942,-0.106024,0.253362,-0.780787,-0.297219,0.224699,-0.489685,0.837314,0.245474,-0.0638508,-0.0448036,-0.711979,0.362216,-1.46221,-1.68708,-0.518872,2.21274,0.641987,-0.0937090,-0.627634,-0.0179844,-0.887329,-0.344547,-0.223663,-1.16174,-2.31454
103,7011,-0.00134666,0.353556,1.73573,-0.314737,-0.607305,-0.398273,-0.112439,0.422351,-0.795825,0.0267806,-0.198283,0.650848,-0.851372,0.899001,-0.832856,0.0734628,-0.0451103,0.992366,-0.0636257,-0.319651,-0.859788,-0.449869,0.555798,0.324073,-0.236997,-0.255770,0.246086,0.218423,-0.243730,-0.324565,-0.545026,1.68277,3.72530,3.31665,-0.00807953,-0.115723,0.0777646,-1.05182,-0.560175,0.198768,0.0777646,0.827749,0.281434,-0.0690408,-0.110756,-1.01006,0.313415,-1.73240,-1.33109,-0.206630,2.04376,-0.349134,-0.109073,0.196311,0.0491499,-1.38597,-0.371655,-0.280339,-1.22168,-1.91913
104,5038,-0.882240,0.591405,0.761869,-0.231885,-0.705967,-1.15614,0.786580,-0.154216,-0.987673,0.568104,0.399440,-0.780744,-0.946488,0.959038,-0.272700,-0.410523,0.00900562,1.11696,0.208341,-0.796278,-0.761979,-0.946438,0.791522,0.583638,-0.0222950,-0.943849,0.140798,-0.229296,-0.493452,-1.20533,-0.610418,1.97132,3.29393,2.40368,-0.317180,-0.736732,0.984268,-0.840290,-1.21172,0.210828,0.219873,2.01533,0.155625,0.415356,0.318717,0.451601,0.518053,-0.886892,-1.40117,-0.221529,2.04849,-0.0817248,-0.340244,0.487847,-0.546169,-0.731554,0.292359,0.205650,-1.42918,-1.62733
105,2179,0.0341726,0.678286,1.76583,-0.555611,-0.634628,-0.245347,-0.0270557,0.523154,-0.645618,0.208116,-0.155792,0.396661,-0.899951,0.566113,-0.892101,-0.0400952,0.225707,0.594753,-0.0301956,-0.168974,-0.840292,-0.526971,0.403112,0.594753,-0.385005,-0.0926015,0.115810,0.308355,-0.249989,-0.538905,-0.543571,1.74034,3.63879,3.23916,0.200588,-0.190454,0.0577219,-0.865875,-0.361456,0.124583,-0.223300,0.926497,-0.0113561,0.251076,0.0592919,-1.19523,0.379563,-1.78951,-1.46984,-0.355133,1.93225,-0.405252,0.249256,0.258236,-0.0223458,-1.32650,-0.118113,-0.123628,-1.55148,-1.98999
106,665,-0.370657,0.0570815,1.47911,-0.892470,-0.670143,-0.243204,0.191319,0.587315,-0.382989,0.611663,-0.300190,0.0300288,-0.714185,0.690116,-0.731802,-0.143109,-0.173349,0.541326,-0.0764568,-0.792374,-0.772321,-0.873533,0.557748,0.0651974,-0.553872,-0.784259,0.349870,0.530504,0.0785711,-0.575953,-0.418223,1.76681,3.75168,3.46843,0.127898,-0.378468,0.298781,-0.973628,-0.957297,-0.0267819,0.145515,1.04180,-0.0676484,0.665768,0.189557,-0.291899,0.723346,-1.08725,-1.29730,-0.329773,1.91777,-0.243204,-0.516877,0.262682,-0.289620,-1.00880,-0.124022,0.238335,-1.39419,-1.91236
107,9428,-0.689239,0.0804455,0.793237,0.649658,-0.465183,-0.666485,0.550650,0.438457,-1.02616,0.598146,-0.00359383,-0.447557,-1.06828,0.824801,-0.583107,-0.591792,0.382187,1.21372,0.250785,-0.483616,-1.05143,-0.900867,0.757859,0.296798,-0.134995,-0.493919,0.393979,0.000601147,-0.436544,-1.13525,-0.689239,1.30644,3.15004,3.05529,-0.0575020,-0.416650,0.749436,-0.906019,-0.658915,0.0598405,-0.153526,1.56658,0.592766,0.549209,0.183400,-0.823599,0.789867,-0.918897,-1.53155,-0.524826,2.02807,-0.123029,-0.140049,0.0289330,-0.589845,-1.48296,0.431041,0.871162,-1.77414,-1.62462
108,4569,-0.376725,-0.0667662,1.26444,-0.584204,-0.426659,-0.734428,0.237465,0.0834577,-0.486580,0.146051,0.320688,-0.352609,-0.461613,-0.0417289,-0.428324,-0.235768,0.0227479,1.45008,0.294057,-0.500746,-0.370067,-0.625933,0.736806,-0.0417289,-0.0704625,-0.650970,1.00146,-0.137705,-0.258548,-0.650970,-0.331784,1.50641,4.21555,2.98779,0.107636,-0.166915,0.197517,-0.678094,-0.687981,0.623846,-0.0138705,1.76304,-0.434982,1.08704,-0.117068,-0.00417288,-0.556488,-0.492400,-1.18899,-0.100149,0.998128,-0.216990,-0.872738,0.895084,-0.444969,-1.55440,-0.481587,-0.740687,-1.38706,-1.96543
