ibliID, %0, %1, %2, avgSOS_2L, avgEOS_2L, avgSOS_2S, avgEOS_2S, sdS_SOS_2L, sdS_EOS_2L, sdS_SOS_2S, sdS_EOS_2S, sdT_SOS_2L, sdT_EOS_2L, sdT_SOS_2S, sdT_EOS_2S, avgSOS_1, avgEOS_1, sdS_SOS_1, sdS_EOS_1, sdT_SOS_1, sdT_EOS_1
1,4.08602,29.8925,66.0215,101.540,220.304,268.241,29.3554,5.83962,41.7692,42.5771,23.2688,21.4466,32.6487,42.6107,32.9783,101.060,359.908,9.10634,20.1299,35.0136,67.1366
2,3.55649,32.6360,63.8075,97.9270,239.389,284.936,32.0819,5.66352,41.4693,46.6481,16.4901,20.3478,35.6527,34.2439,29.9183,100.270,356.508,6.47753,14.0995,25.7341,67.2398
3,5.02959,24.2604,70.7101,101.234,219.426,254.821,41.2750,8.51676,45.3404,49.3900,22.0604,26.5610,33.4253,37.3819,32.3180,109.156,353.758,12.8451,31.2853,47.9670,69.4274
4,5.77428,24.1470,70.0787,101.191,221.577,261.349,30.3001,7.66052,50.4951,45.3757,30.9504,23.4392,29.3176,39.2239,34.9368,120.603,333.960,26.6570,51.0489,54.8577,75.6583
5,5.88235,36.3171,57.8005,98.2477,199.166,248.637,16.7314,6.95360,40.2661,35.4735,30.9191,24.1346,25.7932,48.1122,39.4773,115.649,316.898,16.1077,19.8220,56.2913,75.5973
6,6.72083,10.8567,82.4225,97.6943,212.126,273.283,14.7579,4.65559,33.6584,34.0768,15.0178,23.0804,38.1550,42.4134,32.8056,98.2776,348.695,10.5837,21.7891,39.1143,68.1072
7,3.50318,32.4841,64.0127,101.600,211.565,253.585,41.0106,10.0905,47.6131,38.9995,14.5702,24.7670,25.6936,47.3377,26.3438,122.722,40.4317,26.9681,34.2824,43.2774,46.3513
8,4.29448,21.4724,74.2331,95.1760,248.641,292.201,38.3657,7.85245,42.3279,43.3993,16.1006,23.2252,36.6467,31.7559,29.4913,92.4174,352.566,5.77230,13.3263,27.3272,71.5174
9,3.10644,25.7195,71.1740,98.5212,185.069,246.481,353.842,6.39728,26.4862,25.9298,24.2435,27.0136,24.5609,51.0574,49.5574,115.719,312.669,16.9943,24.5016,54.8337,73.2021
10,9.78417,47.3381,42.8777,103.350,215.276,271.173,22.5415,20.0766,43.2655,41.7538,20.4675,36.6588,32.1297,39.3034,32.7217,121.768,324.877,15.0109,26.1858,60.5149,73.1458
11,7.08885,43.1002,49.8110,93.3319,191.908,248.804,358.853,5.86582,27.4839,27.4486,16.2622,28.4883,25.6135,46.6216,47.5115,101.402,342.175,8.20927,17.9011,40.4893,65.9356
12,12.1495,13.4579,74.3925,93.6687,186.268,244.361,8.62396,6.93447,23.7022,24.5864,14.7535,28.9545,23.1152,50.7020,38.3812,106.812,362.620,15.0983,19.7545,46.8971,57.5721
13,2.71739,11.4130,85.8696,99.1001,216.753,253.743,43.2251,8.64119,41.8563,47.5364,17.9009,25.7927,34.2032,42.1623,30.4474,96.3304,3.36048,13.2494,22.0794,38.2197,64.8920
14,1.27119,21.6102,77.1186,97.5894,224.586,260.596,40.7373,5.99284,47.3224,47.6200,12.5062,26.8987,32.1164,39.7885,29.0004,102.638,363.130,9.41111,17.1981,43.3668,71.7221
15,0.000000,0.000000,100.000,98.2660,171.036,310.256,30.4879,3.60156,7.48643,6.38555,6.67674,15.5719,22.9855,23.4218,20.2430,-99.0000,-99.0000,-99.0000,-99.0000,-99.0000,-99.0000
16,0.000000,0.000000,100.000,100.954,170.549,315.915,25.3759,3.48651,9.03215,5.43151,8.13883,16.1160,20.8714,20.4287,17.9930,-99.0000,-99.0000,-99.0000,-99.0000,-99.0000,-99.0000
17,0.000000,0.000000,100.000,97.3893,182.011,302.925,31.4133,5.00359,13.3335,5.76546,6.63738,17.4432,23.7150,19.9673,15.5424,-99.0000,-99.0000,-99.0000,-99.0000,-99.0000,-99.0000
18,0.000000,0.000000,100.000,98.9654,178.699,312.495,28.0618,4.95547,9.10962,5.02344,6.47750,17.3162,23.4092,17.2001,18.0728,-99.0000,-99.0000,-99.0000,-99.0000,-99.0000,-99.0000
19,0.000000,0.0546001,99.9454,101.177,159.916,310.041,14.9749,6.82199,9.11390,7.91871,8.48898,15.2747,23.0257,24.9138,23.3522,-99.0000,-99.0000,-99.0000,-99.0000,-99.0000,-99.0000
20,0.000000,0.000000,100.000,97.7768,173.212,310.661,29.2332,3.88789,6.72766,5.07041,6.81663,15.3267,21.5185,20.4290,19.7232,-99.0000,-99.0000,-99.0000,-99.0000,-99.0000,-99.0000
21,0.000000,0.000000,100.000,99.4480,166.916,307.089,18.0994,4.75799,8.33637,6.20125,7.65666,15.6301,22.9099,21.5591,20.1603,-99.0000,-99.0000,-99.0000,-99.0000,-99.0000,-99.0000
22,0.000000,0.000000,100.000,99.6328,176.007,299.287,22.5595,3.03248,6.32545,5.35041,7.39848,14.7851,20.4317,20.1675,19.5006,-99.0000,-99.0000,-99.0000,-99.0000,-99.0000,-99.0000
23,0.000000,0.000000,100.000,100.947,165.386,311.804,23.2869,3.92196,10.6435,6.42575,8.30386,15.5463,22.4121,22.2013,19.4521,-99.0000,-99.0000,-99.0000,-99.0000,-99.0000,-99.0000
24,0.000000,0.000000,100.000,99.6398,169.277,309.338,28.8836,3.24301,7.44271,5.44500,6.96148,15.3696,21.7053,19.7498,21.0902,-99.0000,-99.0000,-99.0000,-99.0000,-99.0000,-99.0000
25,0.000000,0.000000,100.000,97.3443,180.828,300.824,28.7931,3.77934,13.7453,6.92942,8.64031,14.7353,22.1855,19.6345,16.6625,-99.0000,-99.0000,-99.0000,-99.0000,-99.0000,-99.0000
26,0.000000,2.03804,97.9620,98.0890,243.959,298.941,46.9831,6.07154,19.6616,5.66258,6.96152,19.0092,26.8912,23.0638,14.4410,-99.0000,-99.0000,-99.0000,-99.0000,-99.0000,-99.0000
27,0.000000,0.000000,100.000,98.0759,231.411,299.394,41.9744,5.66669,18.0541,4.03998,5.49677,21.6625,25.4937,20.9562,13.6074,-99.0000,-99.0000,-99.0000,-99.0000,-99.0000,-99.0000
28,0.000000,0.000000,100.000,96.6155,214.562,301.412,39.1153,6.99191,19.6135,5.26248,8.38342,23.1448,30.5450,19.7472,15.0457,-99.0000,-99.0000,-99.0000,-99.0000,-99.0000,-99.0000
29,0.000000,0.000000,100.000,98.3940,238.186,299.461,44.3571,6.89661,22.2976,4.38500,7.08164,23.1817,26.4423,21.4571,14.1777,-99.0000,-99.0000,-99.0000,-99.0000,-99.0000,-99.0000
30,0.000000,0.000000,100.000,95.6987,160.738,308.247,20.2163,6.57494,5.55574,6.60238,8.28982,18.0892,17.9104,19.8470,21.4480,-99.0000,-99.0000,-99.0000,-99.0000,-99.0000,-99.0000
31,0.000000,0.000000,100.000,97.7848,162.413,308.715,17.8719,3.70144,8.87823,4.64514,8.27266,15.2748,19.6060,16.8181,19.2673,-99.0000,-99.0000,-99.0000,-99.0000,-99.0000,-99.0000
32,0.000000,0.000000,100.000,96.3680,162.451,308.871,22.7729,3.26842,6.13822,3.50051,6.63316,17.0372,17.9430,13.8681,20.9403,-99.0000,-99.0000,-99.0000,-99.0000,-99.0000,-99.0000
33,0.280702,0.210526,99.5088,105.281,158.516,316.099,13.5807,6.34220,10.8822,9.90926,9.34889,14.3256,19.8168,27.9059,23.7634,-99.0000,-99.0000,-99.0000,-99.0000,-99.0000,-99.0000
34,0.000000,0.000000,100.000,104.920,163.458,315.565,18.0495,5.80007,12.3160,8.41946,10.4631,15.8049,22.8873,23.4541,22.5156,-99.0000,-99.0000,-99.0000,-99.0000,-99.0000,-99.0000
35,0.000000,0.000000,100.000,93.1738,169.919,301.979,21.4537,5.93810,12.3778,9.26337,9.71894,22.4520,29.1811,23.1567,24.7560,-99.0000,-99.0000,-99.0000,-99.0000,-99.0000,-99.0000
36,0.000000,0.000000,100.000,104.450,168.323,298.309,5.78397,3.13086,6.15731,5.12056,6.54182,19.4448,19.1172,19.4572,22.4697,-99.0000,-99.0000,-99.0000,-99.0000,-99.0000,-99.0000
37,0.000000,0.000000,100.000,105.414,168.502,293.686,7.37799,2.86063,4.95309,6.06909,5.86249,19.1357,20.3228,23.5270,25.1573,-99.0000,-99.0000,-99.0000,-99.0000,-99.0000,-99.0000
38,0.000000,0.000000,100.000,107.982,177.333,305.509,11.0542,7.08557,16.7960,6.71616,15.3628,23.0750,27.4867,20.9045,26.6366,-99.0000,-99.0000,-99.0000,-99.0000,-99.0000,-99.0000
39,0.000000,0.000000,100.000,106.928,160.666,299.099,2.51996,3.87857,5.21747,6.04070,5.02654,17.8098,16.0093,22.4791,20.4280,-99.0000,-99.0000,-99.0000,-99.0000,-99.0000,-99.0000
40,0.000000,0.000000,100.000,101.137,161.086,300.407,1.04610,3.80521,6.16188,5.18136,5.38659,20.7648,16.5889,20.3633,21.2400,-99.0000,-99.0000,-99.0000,-99.0000,-99.0000,-99.0000
41,1.37931,0.000000,98.6207,105.127,175.368,300.606,3.26431,4.97251,19.8122,5.66910,13.5272,21.0451,20.8379,15.8086,20.2955,-99.0000,-99.0000,-99.0000,-99.0000,-99.0000,-99.0000
42,0.000000,0.000000,100.000,104.471,166.643,302.720,2.77303,3.04756,6.90998,5.17427,6.41845,21.3798,18.9716,19.0563,23.9071,-99.0000,-99.0000,-99.0000,-99.0000,-99.0000,-99.0000
43,0.000000,0.000000,100.000,106.773,167.915,294.095,5.23186,2.43658,3.57385,5.18952,4.70629,18.7617,17.2742,19.3136,21.0558,-99.0000,-99.0000,-99.0000,-99.0000,-99.0000,-99.0000
44,0.000000,0.000000,100.000,105.480,169.924,297.884,8.22516,3.15634,7.74285,5.79654,6.86844,19.2386,21.2099,20.9053,25.6256,-99.0000,-99.0000,-99.0000,-99.0000,-99.0000,-99.0000
45,0.000000,0.000000,100.000,105.092,168.622,301.161,5.22897,3.21733,6.91926,4.38414,6.87893,20.1025,19.5863,17.0749,20.8280,-99.0000,-99.0000,-99.0000,-99.0000,-99.0000,-99.0000
46,0.000000,0.000000,100.000,106.130,159.822,293.738,2.00053,3.45921,4.86618,6.34193,5.23750,18.4919,15.6739,26.6931,24.5938,-99.0000,-99.0000,-99.0000,-99.0000,-99.0000,-99.0000
47,0.000000,0.000000,100.000,103.934,164.283,298.736,3.16796,3.19169,4.78687,4.36359,4.85358,20.4310,16.3340,17.6423,21.6761,-99.0000,-99.0000,-99.0000,-99.0000,-99.0000,-99.0000
48,0.000000,0.000000,100.000,107.918,170.701,299.522,12.3966,3.72084,8.46597,6.66315,9.25870,16.3473,19.1864,23.0845,22.2320,-99.0000,-99.0000,-99.0000,-99.0000,-99.0000,-99.0000
49,0.000000,0.000000,100.000,107.813,165.678,294.926,8.57995,4.09152,8.52589,7.54925,9.17883,15.7766,18.0550,25.9055,25.2161,-99.0000,-99.0000,-99.0000,-99.0000,-99.0000,-99.0000
50,0.000000,0.000000,100.000,105.630,168.317,296.986,1.72762,2.53453,7.79342,4.51949,7.16335,19.9872,17.2053,16.2985,19.1712,-99.0000,-99.0000,-99.0000,-99.0000,-99.0000,-99.0000
51,0.000000,0.000000,100.000,103.731,158.182,296.026,1.23563,3.63057,3.62666,6.62338,4.50403,19.9022,14.8053,24.5714,20.7875,-99.0000,-99.0000,-99.0000,-99.0000,-99.0000,-99.0000
52,0.000000,0.000000,100.000,105.326,168.412,302.381,3.36697,6.15668,13.3005,6.23767,12.4099,22.9095,21.0439,22.7514,24.2880,-99.0000,-99.0000,-99.0000,-99.0000,-99.0000,-99.0000
53,0.000000,0.000000,100.000,105.438,170.120,299.072,9.46242,3.43015,9.31510,7.33352,9.38704,18.9928,22.1295,22.1681,25.5269,-99.0000,-99.0000,-99.0000,-99.0000,-99.0000,-99.0000
60,0.000000,0.000000,100.000,105.932,176.499,291.545,11.3060,5.68619,9.21879,5.76444,6.67404,17.6357,22.5246,25.5270,26.7039,-99.0000,-99.0000,-99.0000,-99.0000,-99.0000,-99.0000
61,0.000000,0.000000,100.000,105.060,169.262,297.288,12.4508,5.16928,8.37491,7.58979,8.22681,17.2237,20.6775,25.2662,26.2946,-99.0000,-99.0000,-99.0000,-99.0000,-99.0000,-99.0000
62,0.000000,0.000000,100.000,105.479,163.554,303.771,16.4694,5.03732,7.66037,10.3875,8.53484,17.5306,20.6502,30.2088,27.5521,-99.0000,-99.0000,-99.0000,-99.0000,-99.0000,-99.0000
63,0.000000,0.000000,100.000,106.236,167.631,297.005,13.1643,5.65071,8.98272,9.13040,8.38844,17.2419,21.7388,29.4021,28.5161,-99.0000,-99.0000,-99.0000,-99.0000,-99.0000,-99.0000
64,2.21519,5.62317,92.1616,97.6012,187.210,298.355,14.5812,9.51328,22.1032,25.6616,23.4543,29.0719,34.5542,34.4133,32.0862,114.643,275.998,22.6487,30.6530,68.5330,83.2395
65,0.000000,0.000000,100.000,96.7252,160.647,308.183,17.9734,5.10492,5.86335,6.72810,6.01258,19.5182,18.1526,19.2466,21.8121,-99.0000,-99.0000,-99.0000,-99.0000,-99.0000,-99.0000
66,0.0573723,0.764965,99.1777,94.7768,177.428,302.247,25.2999,6.53703,20.2680,8.72077,17.9932,21.1084,24.3404,22.1847,23.6370,-99.0000,-99.0000,-99.0000,-99.0000,-99.0000,-99.0000
67,6.95387,3.18860,89.8575,100.691,188.297,304.588,24.1207,11.8967,16.2443,17.4381,18.7814,32.2230,35.3563,29.7709,28.4395,111.734,184.344,148.718,27.3367,51.5230,43.1497
68,1.45138,18.2148,80.3338,103.192,214.142,292.216,30.4352,12.6825,36.2545,25.6533,16.0701,31.1440,39.7815,28.1813,25.1117,127.459,359.951,44.2304,67.6488,52.9654,62.3964
69,1.24481,24.1796,74.5756,94.9790,201.003,277.705,28.9093,11.2682,29.3469,31.7175,18.7983,26.1141,33.1500,35.2096,26.7300,114.945,1.14487,39.7191,52.2132,49.4205,60.3450
70,0.000000,0.0328515,99.9671,94.1538,171.385,316.858,28.3752,5.90517,12.7440,5.89376,7.85829,20.6477,27.5553,20.6987,24.5284,-99.0000,-99.0000,-99.0000,-99.0000,-99.0000,-99.0000
71,0.000000,0.000000,100.000,98.6280,167.572,310.382,25.3822,4.09170,12.1110,5.01829,8.66159,15.8021,22.3107,16.5749,20.8930,-99.0000,-99.0000,-99.0000,-99.0000,-99.0000,-99.0000
72,0.000000,0.0381025,99.9619,97.8589,177.436,310.070,27.6507,5.67628,11.5560,6.14826,7.54185,17.4425,25.8225,20.3377,19.5904,-99.0000,-99.0000,-99.0000,-99.0000,-99.0000,-99.0000
73,0.000000,0.000000,100.000,99.2526,179.007,312.473,31.2998,4.53378,13.3440,4.78775,7.81231,16.5876,25.0085,18.1925,19.9613,-99.0000,-99.0000,-99.0000,-99.0000,-99.0000,-99.0000
74,0.000000,0.000000,100.000,95.1111,179.298,308.691,26.8748,5.63171,11.7353,6.64470,7.28925,19.1321,27.0520,19.8380,19.6809,-99.0000,-99.0000,-99.0000,-99.0000,-99.0000,-99.0000
75,0.000000,0.000000,100.000,97.5956,209.782,302.368,36.9106,6.78288,18.5788,4.97412,8.87442,25.4064,30.5683,21.0241,17.1177,-99.0000,-99.0000,-99.0000,-99.0000,-99.0000,-99.0000
76,2.65487,5.01475,92.3304,102.643,255.717,302.068,42.5346,13.8769,14.8493,8.19773,9.46504,22.6404,26.7009,23.4313,20.1082,108.447,40.1354,4.51708,4.86685,25.6674,24.0193
77,0.00822571,0.0493543,99.9424,94.1284,192.722,303.396,28.8666,8.52854,22.9962,8.00533,9.24543,21.1958,27.2870,21.3814,20.8349,-99.0000,-99.0000,-99.0000,-99.0000,-99.0000,-99.0000
95,0.000000,0.000000,100.000,107.515,167.367,300.889,15.2276,4.35364,7.48809,9.09081,7.61613,16.0217,19.7648,28.4050,25.3060,-99.0000,-99.0000,-99.0000,-99.0000,-99.0000,-99.0000
96,0.000000,0.000000,100.000,104.483,169.189,301.459,14.3788,4.08814,9.42709,8.20021,9.33896,15.2114,23.6158,25.6564,26.8339,-99.0000,-99.0000,-99.0000,-99.0000,-99.0000,-99.0000
97,0.000000,0.000000,100.000,105.991,174.978,293.644,13.0157,3.99225,8.62301,6.18415,6.80575,18.6454,23.8592,22.1626,25.6699,-99.0000,-99.0000,-99.0000,-99.0000,-99.0000,-99.0000
98,0.000000,0.000000,100.000,107.237,169.981,302.015,13.5462,3.46791,10.1335,5.98972,9.63145,15.6030,19.6426,22.6652,22.5946,-99.0000,-99.0000,-99.0000,-99.0000,-99.0000,-99.0000
99,0.000000,0.000000,100.000,108.108,172.720,306.995,15.6185,3.47309,8.81120,4.94384,7.90366,13.4694,23.2512,18.5342,20.9887,-99.0000,-99.0000,-99.0000,-99.0000,-99.0000,-99.0000
100,0.000000,0.000000,100.000,107.985,167.888,303.315,16.3088,4.47366,7.56749,10.8145,8.75718,15.4587,20.6397,34.1824,30.2326,-99.0000,-99.0000,-99.0000,-99.0000,-99.0000,-99.0000
101,0.0146242,0.102369,99.8830,108.223,168.627,305.135,15.0885,5.28504,10.5875,11.9950,9.89994,15.6935,24.7849,33.1046,30.5538,-99.0000,-99.0000,-99.0000,-99.0000,-99.0000,-99.0000
102,0.000000,0.000000,100.000,106.616,169.199,296.639,10.0862,3.57876,6.61351,6.27648,5.77888,19.3246,20.5892,24.0353,26.2373,-99.0000,-99.0000,-99.0000,-99.0000,-99.0000,-99.0000
103,0.000000,0.000000,100.000,106.682,166.120,298.556,10.3013,3.95333,6.87869,7.83536,7.84940,16.6148,18.7465,29.5134,26.8852,-99.0000,-99.0000,-99.0000,-99.0000,-99.0000,-99.0000
104,0.000000,0.0449640,99.9550,101.110,164.567,303.200,16.8630,4.53826,8.24166,7.94133,8.34437,13.7522,22.9072,24.9038,22.8967,-99.0000,-99.0000,-99.0000,-99.0000,-99.0000,-99.0000
105,0.000000,0.000000,100.000,108.213,165.719,298.849,12.0564,3.70221,7.09596,6.47173,6.98198,16.2727,18.6952,26.4325,26.4042,-99.0000,-99.0000,-99.0000,-99.0000,-99.0000,-99.0000
107,0.000000,0.000000,100.000,103.863,171.066,305.570,17.0748,4.42906,7.36402,6.75862,6.87616,13.9133,20.3267,19.2078,20.0961,-99.0000,-99.0000,-99.0000,-99.0000,-99.0000,-99.0000
108,0.522388,0.000000,99.4776,107.425,161.018,308.092,8.53419,6.46950,9.19934,10.8464,8.44153,16.8918,24.1207,33.2952,25.9572,-99.0000,-99.0000,-99.0000,-99.0000,-99.0000,-99.0000
111,13.5638,2.32713,84.1090,105.082,179.793,313.825,27.9675,5.75853,26.8313,7.83353,23.3855,18.4426,22.7989,22.9434,24.0306,-99.0000,-99.0000,-99.0000,-99.0000,-99.0000,-99.0000
112,11.6057,0.000000,88.3943,108.595,172.464,316.514,26.9949,6.46622,9.10584,6.76295,12.4374,19.5356,24.0358,21.0122,23.5259,-99.0000,-99.0000,-99.0000,-99.0000,-99.0000,-99.0000
113,8.65114,0.562493,90.7864,103.430,162.005,317.785,16.4163,6.93807,9.71638,9.48364,9.54121,17.9237,21.5773,26.7676,24.4295,-99.0000,-99.0000,-99.0000,-99.0000,-99.0000,-99.0000
114,72.1900,0.347625,27.4623,113.234,177.849,322.084,22.2782,7.62043,13.1301,15.2088,15.9526,26.1616,30.1303,41.0105,36.2545,-99.0000,-99.0000,-99.0000,-99.0000,-99.0000,-99.0000
115,5.61167,1.01010,93.3782,99.5064,178.055,313.655,26.8368,9.19901,18.7693,12.6849,15.7802,29.6459,31.6745,33.5817,29.1809,-99.0000,-99.0000,-99.0000,-99.0000,-99.0000,-99.0000
116,29.0090,0.765814,70.2252,97.7890,168.372,319.483,20.0931,9.30028,10.6876,10.3189,11.3347,28.0823,27.6435,26.2411,25.9304,-99.0000,-99.0000,-99.0000,-99.0000,-99.0000,-99.0000
117,34.1256,0.339559,65.5348,108.672,162.199,323.284,16.7474,6.84885,11.0349,12.3400,12.2833,22.6857,25.4898,33.9677,28.2592,-99.0000,-99.0000,-99.0000,-99.0000,-99.0000,-99.0000
118,7.87294,0.373168,91.7539,106.345,157.560,318.054,16.1068,5.22209,9.32317,9.79390,10.8263,16.0763,20.0608,28.1181,24.7699,-99.0000,-99.0000,-99.0000,-99.0000,-99.0000,-99.0000
119,6.52411,0.100091,93.3758,103.142,166.130,319.353,17.9361,9.10202,11.9020,13.5480,9.95429,24.0018,28.4052,31.4458,28.6996,-99.0000,-99.0000,-99.0000,-99.0000,-99.0000,-99.0000
120,68.6387,0.0768344,31.2844,109.353,169.187,325.523,18.4172,6.81385,11.6200,9.97401,9.36249,24.0600,25.8303,33.1468,26.5347,-99.0000,-99.0000,-99.0000,-99.0000,-99.0000,-99.0000
131,1.77471,0.971418,97.2539,108.493,182.266,279.361,1.62456,10.4992,21.1675,28.0363,19.4889,26.4340,32.2363,40.7453,38.2529,-99.0000,-99.0000,-99.0000,-99.0000,-99.0000,-99.0000
132,34.8837,0.223614,64.8927,118.406,191.401,303.368,13.1342,14.7828,21.0666,26.9051,20.1656,32.5205,37.3254,38.8307,33.7519,-99.0000,-99.0000,-99.0000,-99.0000,-99.0000,-99.0000
133,2.49955,0.941858,96.5586,118.836,189.783,281.370,0.467203,18.9695,28.4237,37.8788,19.3391,33.2256,37.0750,40.5747,36.4553,-99.0000,-99.0000,-99.0000,-99.0000,-99.0000,-99.0000
134,9.18952,0.391684,90.4188,109.936,194.795,284.815,5.91030,14.0601,26.8173,32.0177,15.1698,28.6797,39.2666,38.9343,31.1827,-99.0000,-99.0000,-99.0000,-99.0000,-99.0000,-99.0000
135,15.7779,2.30095,81.9211,102.092,200.890,286.247,6.90429,10.3653,26.4526,28.3751,15.3628,25.0075,40.1959,36.9593,32.4559,-99.0000,-99.0000,-99.0000,-99.0000,-99.0000,-99.0000
136,59.5458,0.000000,40.4542,114.682,194.070,308.846,16.0703,10.2879,18.7059,18.8666,14.1278,32.2569,41.6378,35.4354,32.8383,-99.0000,-99.0000,-99.0000,-99.0000,-99.0000,-99.0000
137,25.6175,5.91037,68.4721,102.682,200.963,282.393,11.4585,9.33621,28.2913,30.3736,21.3677,27.3785,38.6536,39.5971,33.5445,111.638,345.686,19.8100,64.2396,44.4060,68.5482
138,83.6936,0.574977,15.7314,109.831,196.819,305.510,20.5231,13.4811,19.7709,23.4252,16.5892,33.7699,45.7998,31.3833,27.9493,-99.0000,-99.0000,-99.0000,-99.0000,-99.0000,-99.0000
139,96.0840,0.142399,3.77358,107.934,210.759,297.483,35.5522,18.9354,29.7477,33.8659,14.7314,30.6957,41.4809,37.7697,29.2118,-99.0000,-99.0000,-99.0000,-99.0000,-99.0000,-99.0000
140,77.2973,0.490258,22.2124,107.364,185.067,307.068,17.1169,15.0807,21.4445,25.5578,25.8535,29.4872,39.6498,37.8312,33.3277,-99.0000,-99.0000,-99.0000,-99.0000,-99.0000,-99.0000
141,17.2737,3.08706,79.6393,101.801,208.022,295.988,7.88964,7.14227,23.3143,24.8344,15.5148,25.0794,44.6404,34.5610,31.1673,122.151,333.582,21.5601,78.7468,70.6627,73.8761
142,35.9433,8.84554,55.2111,107.185,205.374,301.582,12.6715,8.29427,22.7549,28.4042,18.8400,27.2945,42.9647,36.4775,31.8267,123.071,324.689,19.1060,86.4552,59.7506,77.9179
143,19.2004,18.3403,62.4593,103.107,200.489,282.897,3.14082,12.1222,30.2145,40.3788,29.0759,30.6226,36.8366,44.2825,42.2639,121.428,283.268,16.8449,24.5548,62.6696,77.9082
201,0.000000,0.000000,100.000,86.3827,169.096,292.066,7.00321,6.30820,7.72012,8.33846,7.08137,21.0417,17.5209,22.2241,26.4271,-99.0000,-99.0000,-99.0000,-99.0000,-99.0000,-99.0000
202,0.118596,0.000000,99.8814,90.2639,166.543,307.076,16.4260,7.39384,14.4545,10.4481,10.5654,20.5900,20.8704,25.4411,25.7061,-99.0000,-99.0000,-99.0000,-99.0000,-99.0000,-99.0000
203,0.000000,0.000000,100.000,92.8820,188.144,286.847,13.2652,5.56515,12.0090,13.6713,9.73845,21.6097,25.7482,32.8436,29.5540,-99.0000,-99.0000,-99.0000,-99.0000,-99.0000,-99.0000
204,0.000000,0.000000,100.000,99.6477,197.508,287.171,20.6375,4.41964,10.6636,11.7698,8.77805,22.0343,31.1257,27.5751,28.0603,-99.0000,-99.0000,-99.0000,-99.0000,-99.0000,-99.0000
205,0.000000,0.000000,100.000,99.9017,206.336,274.420,38.2649,7.34512,14.7064,21.8580,15.1914,25.4194,32.5616,31.7568,29.5521,-99.0000,-99.0000,-99.0000,-99.0000,-99.0000,-99.0000
206,0.000000,0.000000,100.000,99.3124,185.855,297.874,18.2118,6.76315,18.3388,6.49651,11.1507,21.0479,31.4778,19.7551,26.7889,-99.0000,-99.0000,-99.0000,-99.0000,-99.0000,-99.0000
207,0.000000,0.000000,100.000,100.793,195.984,293.130,20.1562,8.62300,25.5596,7.03264,16.1940,20.7369,30.3562,23.1175,23.5907,-99.0000,-99.0000,-99.0000,-99.0000,-99.0000,-99.0000
208,0.000000,0.000000,100.000,101.049,171.594,295.564,2.74906,4.42733,5.92191,4.79328,6.34278,19.6969,24.1296,16.7713,29.5209,-99.0000,-99.0000,-99.0000,-99.0000,-99.0000,-99.0000
209,0.000000,0.000000,100.000,97.9113,175.724,296.013,7.57945,4.54563,6.64298,4.42655,6.03766,20.6715,25.3227,15.3805,29.6492,-99.0000,-99.0000,-99.0000,-99.0000,-99.0000,-99.0000
210,13.9308,0.000000,86.0692,91.1703,176.960,290.526,12.0573,5.68354,13.5202,12.5950,10.0950,19.3306,22.1945,27.6272,27.3639,-99.0000,-99.0000,-99.0000,-99.0000,-99.0000,-99.0000
211,4.29356,0.000000,95.7064,90.0762,186.879,285.205,20.8847,9.97549,16.2391,13.3756,10.9742,20.4430,25.1111,27.1646,27.1043,-99.0000,-99.0000,-99.0000,-99.0000,-99.0000,-99.0000
212,0.000000,0.000000,100.000,90.5705,198.216,281.233,19.5739,6.33653,11.7002,9.66420,7.14625,19.1549,22.9874,26.1730,28.1461,-99.0000,-99.0000,-99.0000,-99.0000,-99.0000,-99.0000
213,0.000000,0.000000,100.000,95.6706,182.201,294.156,10.3097,5.34845,8.97467,8.58876,10.9340,22.9061,23.0251,19.5546,27.6258,-99.0000,-99.0000,-99.0000,-99.0000,-99.0000,-99.0000
214,0.000000,0.000000,100.000,97.5610,188.707,299.531,22.5630,7.97093,23.2373,6.26396,15.4958,23.4829,27.8685,19.5869,28.8831,-99.0000,-99.0000,-99.0000,-99.0000,-99.0000,-99.0000
215,0.000000,0.000000,100.000,99.8278,161.594,306.314,14.1830,7.19654,9.74578,10.7612,9.91706,19.0925,22.4949,28.9755,24.8492,-99.0000,-99.0000,-99.0000,-99.0000,-99.0000,-99.0000
216,0.000000,0.000000,100.000,109.080,209.244,294.598,31.9689,6.87325,18.1291,7.89897,12.1028,19.2098,33.4026,21.9246,26.3516,-99.0000,-99.0000,-99.0000,-99.0000,-99.0000,-99.0000
217,0.000000,0.000000,100.000,102.331,186.224,297.153,16.1901,5.80582,9.78534,5.35900,8.59433,19.4309,29.0679,17.2033,25.7374,-99.0000,-99.0000,-99.0000,-99.0000,-99.0000,-99.0000
218,0.000000,0.000000,100.000,95.3864,209.469,258.179,30.6208,3.53042,12.7670,14.5280,8.59683,19.4116,30.7774,33.3512,21.3516,-99.0000,-99.0000,-99.0000,-99.0000,-99.0000,-99.0000
219,0.000000,0.000000,100.000,95.4634,193.341,265.084,17.9611,2.88787,13.7705,9.30834,10.2056,19.6980,26.8122,31.5357,25.0207,-99.0000,-99.0000,-99.0000,-99.0000,-99.0000,-99.0000
220,0.0516262,0.774393,99.1740,98.1477,200.894,266.636,23.5947,6.57619,17.4923,15.1579,13.9023,20.9566,30.3731,33.2597,27.7230,-99.0000,-99.0000,-99.0000,-99.0000,-99.0000,-99.0000
221,0.000000,0.000000,100.000,100.076,215.058,259.221,33.2475,6.42965,17.3495,18.8921,12.0438,24.4745,30.4666,35.4070,29.1752,-99.0000,-99.0000,-99.0000,-99.0000,-99.0000,-99.0000
222,0.000000,0.000000,100.000,100.584,191.897,289.272,13.8255,3.97287,9.48994,11.2648,6.89978,20.2558,31.2499,25.1111,26.5917,-99.0000,-99.0000,-99.0000,-99.0000,-99.0000,-99.0000
223,0.000000,0.284900,99.7151,96.1060,187.912,280.967,12.8869,6.92694,18.6568,11.8747,18.1686,19.4426,27.4339,26.0530,25.7338,-99.0000,-99.0000,-99.0000,-99.0000,-99.0000,-99.0000
224,0.000000,0.000000,100.000,99.9631,183.547,293.720,9.84879,3.56137,13.3531,4.99872,8.97962,19.3686,28.8298,18.5739,28.6746,-99.0000,-99.0000,-99.0000,-99.0000,-99.0000,-99.0000
