wl(nm),dif/tot veg smoothed
400,0.468948878
401,0.468042979
402,0.467143163
403,0.466247747
404,0.465358352
405,0.464473897
406,0.463594629
407,0.462717207
408,0.461848214
409,0.460983804
410,0.460983804
411,0.460123719
412,0.45835892
413,0.45660805
414,0.454874791
415,0.453156296
416,0.451453833
417,0.449767046
418,0.448092298
419,0.446429112
420,0.444780725
421,0.443145616
422,0.441522942
423,0.439913754
424,0.438316196
425,0.436730941
426,0.435156538
427,0.433595438
428,0.432046737
429,0.430512633
430,0.42898518
431,0.427468072
432,0.425966119
433,0.424473499
434,0.422970876
435,0.42150202
436,0.420042724
437,0.418596739
438,0.417161435
439,0.415738253
440,0.414328276
441,0.412930838
442,0.411545721
443,0.410173942
444,0.408812838
445,0.407463435
446,0.406126002
447,0.404800728
448,0.403484403
449,0.40217912
450,0.400884079
451,0.399601725
452,0.398330317
453,0.397066199
454,0.39581379
455,0.394593224
456,0.393358763
457,0.392135942
458,0.39091924
459,0.38970864
460,0.388504201
461,0.387304951
462,0.386110827
463,0.384919911
464,0.383730764
465,0.38254147
466,0.381354225
467,0.38016354
468,0.378972423
469,0.377792925
470,0.376629033
471,0.375482436
472,0.374352258
473,0.373237004
474,0.372133387
475,0.371038716
476,0.369955933
477,0.368881742
478,0.367813482
479,0.366761564
480,0.365719414
481,0.364690085
482,0.363672984
483,0.362667352
484,0.361678018
485,0.36070427
486,0.359749997
487,0.358813393
488,0.357900767
489,0.357009302
490,0.356126728
491,0.355250002
492,0.354372789
493,0.35347944
494,0.352550671
495,0.351680459
496,0.350823587
497,0.350011417
498,0.349202834
499,0.348399735
500,0.347634471
501,0.346870901
502,0.346143302
503,0.34543649
504,0.344748014
505,0.344075304
506,0.343421719
507,0.342785617
508,0.342166046
509,0.341561204
510,0.340968312
511,0.340388293
512,0.339816335
513,0.339256087
514,0.338721558
515,0.338227375
516,0.337678378
517,0.337133059
518,0.33654955
519,0.335967023
520,0.335385187
521,0.334759983
522,0.334132422
523,0.33346917
524,0.332785162
525,0.332080645
526,0.331356235
527,0.330610272
528,0.32984412
529,0.329056893
530,0.328247833
531,0.327405359
532,0.326554602
533,0.325684435
534,0.324779534
535,0.323898296
536,0.323015633
537,0.322099815
538,0.321206232
539,0.320306695
540,0.319416414
541,0.318530384
542,0.317642064
543,0.316762424
544,0.31588699
545,0.315013593
546,0.314143841
547,0.313277626
548,0.312413988
549,0.31155196
550,0.310693022
551,0.309837357
552,0.308999715
553,0.308154574
554,0.30731161
555,0.306491213
556,0.305636192
557,0.304777081
558,0.30394499
559,0.303078311
560,0.302189204
561,0.301274475
562,0.300380262
563,0.299490731
564,0.298553383
565,0.297629037
566,0.296727895
567,0.295812128
568,0.294905404
569,0.294006571
570,0.293122894
571,0.292248935
572,0.291398834
573,0.290557076
574,0.289725507
575,0.28890885
576,0.288112196
577,0.287326133
578,0.286539209
579,0.285773312
580,0.284985134
581,0.284074102
582,0.283291641
583,0.282130876
584,0.281265542
585,0.28059527
586,0.279851472
587,0.278895195
588,0.278031844
589,0.277373496
590,0.276634067
591,0.275952114
592,0.275298436
593,0.274635748
594,0.273980126
595,0.273330259
596,0.272677877
597,0.272016447
598,0.271355687
599,0.270707866
600,0.270054221
601,0.269434892
602,0.268975246
603,0.26841364
604,0.268218057
605,0.26773828
606,0.267118769
607,0.266568234
608,0.266217413
609,0.265799068
610,0.265177262
611,0.264639146
612,0.26403926
613,0.263411978
614,0.262780478
615,0.262143235
616,0.261499531
617,0.260850384
618,0.260207861
619,0.259241152
620,0.258598996
621,0.257797151
622,0.257168196
623,0.256545125
624,0.255927973
625,0.255316856
626,0.254718526
627,0.254108148
628,0.253503162
629,0.252923748
630,0.252351092
631,0.251786079
632,0.251200931
633,0.250643504
634,0.250095475
635,0.249549429
636,0.249007035
637,0.248465805
638,0.247890357
639,0.247349662
640,0.247098815
641,0.246602405
642,0.246237419
643,0.245618722
644,0.245105326
645,0.244590044
646,0.244031794
647,0.243380336
648,0.242876189
649,0.242374825
650,0.241827701
651,0.241305069
652,0.240785915
653,0.240288603
654,0.239751969
655,0.239230664
656,0.238721455
657,0.238214719
658,0.23771686
659,0.237267039
660,0.236781055
661,0.23634093
662,0.235830983
663,0.235358455
664,0.234975265
665,0.234489789
666,0.234010078
667,0.233575968
668,0.233232675
669,0.232764423
670,0.232297207
671,0.231860666
672,0.231401548
673,0.230942514
674,0.230492543
675,0.230065189
676,0.229617484
677,0.229170699
678,0.226727814
679,0.226271956
680,0.225826202
681,0.225364559
682,0.224713705
683,0.223529215
684,0.223138875
685,0.222290331
686,0.22181029
687,0.221443977
688,0.221121356
689,0.22084489
690,0.220476146
691,0.21999451
692,0.219617888
693,0.219384043
694,0.21892188
695,0.218747036
696,0.218525171
697,0.218281479
698,0.218133282
699,0.219784724
700,0.219420813
701,0.219316294
702,0.219272744
703,0.219412872
704,0.219987604
705,0.219906797
706,0.220260693
707,0.220312081
708,0.218713142
709,0.217604751
710,0.217020833
711,0.215849662
712,0.215783847
713,0.215399052
714,0.214669763
715,0.2145009
716,0.214342013
717,0.212964874
718,0.212788796
719,0.211264488
720,0.210344975
721,0.210364372
722,0.210215002
723,0.209515277
724,0.209356556
725,0.209438165
726,0.209046849
727,0.208987891
728,0.208605608
729,0.209834396
730,0.210783034
731,0.211151812
732,0.212130322
733,0.212225124
734,0.212512515
735,0.213037644
736,0.213255039
737,0.21316944
738,0.21434713
739,0.214369255
740,0.215645821
741,0.21652295
742,0.216490086
743,0.21636632
744,0.216752793
745,0.216607635
746,0.216322001
747,0.216377431
748,0.216128917
749,0.216140881
750,0.216057137
751,0.213619126
752,0.210581569
753,0.210158652
754,0.207105095
755,0.20631499
756,0.205592564
757,0.205084541
758,0.204655037
759,0.202518341
760,0.202128118
761,0.201740646
762,0.201358371
763,0.200892506
764,0.200509869
765,0.200123942
766,0.199732852
767,0.199343196
768,0.198950135
769,0.19855574
770,0.198155641
771,0.197782656
772,0.199512567
773,0.201848223
774,0.201638059
775,0.203953637
776,0.204030917
777,0.204004146
778,0.203727922
779,0.203423809
780,0.204679956
781,0.204280027
782,0.203905376
783,0.203352133
784,0.203010128
785,0.202617362
786,0.202002809
787,0.201429905
788,0.200580875
789,0.20013517
790,0.199633121
791,0.199104245
792,0.198057987
793,0.197418915
794,0.196839646
795,0.196372037
796,0.195999354
797,0.195617476
798,0.195211124
799,0.194839806
800,0.194378234
801,0.193918881
802,0.193045309
803,0.192487647
804,0.192216586
805,0.191794531
806,0.190960384
807,0.189044423
808,0.188648408
809,0.186928766
810,0.186222876
811,0.183310543
812,0.183031497
813,0.182234459
814,0.180856186
815,0.180428568
816,0.180101431
817,0.179466437
818,0.17907838
819,0.178592582
820,0.176482556
821,0.176069639
822,0.175732848
823,0.174536867
824,0.174263356
825,0.173960262
826,0.173599646
827,0.173296578
828,0.174294908
829,0.174040238
830,0.175306477
831,0.175229865
832,0.177485989
833,0.177139706
834,0.177799325
835,0.17862348
836,0.178545939
837,0.178262155
838,0.178193565
839,0.177833043
840,0.177641818
841,0.179088565
842,0.178876455
843,0.178725186
844,0.179770065
845,0.179544234
846,0.179228596
847,0.179010823
848,0.179110325
849,0.179210181
850,0.17900609
851,0.178888551
852,0.178692746
853,0.178441033
854,0.178195484
855,0.177972153
856,0.177769571
857,0.177468899
858,0.177169852
859,0.176871903
860,0.176628398
861,0.176347289
862,0.176024066
863,0.175720927
864,0.175435561
865,0.175121439
866,0.174816976
867,0.174517731
868,0.174204778
869,0.173902329
870,0.173595107
871,0.173303138
872,0.173010284
873,0.172727573
874,0.172433932
875,0.17214093
876,0.171852881
877,0.171313975
878,0.171018129
879,0.170683817
880,0.170388291
881,0.170095898
882,0.169634774
883,0.168923781
884,0.168560746
885,0.168211851
886,0.167770925
887,0.166986324
888,0.166493758
889,0.166127689
890,0.163659551
891,0.163190971
892,0.161143583
893,0.15941901
894,0.158885633
895,0.158529727
896,0.15751349
897,0.156999877
898,0.156659298
899,0.156236582
900,0.154619159
901,0.154003351
902,0.151850909
903,0.150547818
904,0.149509172
905,0.14790714
906,0.147417818
907,0.14696623
908,0.145716666
909,0.145080079
910,0.144560668
911,0.146417024
912,0.14593155
913,0.145687991
914,0.146768818
915,0.145979362
916,0.145712979
917,0.146020027
918,0.145909695
919,0.145023164
920,0.143831214
921,0.143046501
922,0.14101035
923,0.140847565
924,0.139366122
925,0.137957629
926,0.137645938
927,0.133787914
928,0.132129531
929,0.129767849
930,0.127397737
931,0.126883802
932,0.125672965
933,0.123215135
934,0.123749696
935,0.121485096
936,0.121258883
937,0.119581805
938,0.11773804
939,0.116493414
940,0.115482024
941,0.112805922
942,0.113537939
943,0.110735663
944,0.110477094
945,0.111824234
946,0.113106024
947,0.111886108
948,0.114486013
949,0.115077465
950,0.11707541
951,0.118463379
952,0.118016272
953,0.118044693
954,0.11977715
955,0.117981777
956,0.119126322
957,0.118212669
958,0.118212426
959,0.119543826
960,0.120231136
961,0.121489153
962,0.124668233
963,0.125109562
964,0.12884582
965,0.129155778
966,0.129447809
967,0.128151377
968,0.13034666
969,0.130202357
970,0.130135318
971,0.131100462
972,0.131860309
973,0.131754425
974,0.132070759
975,0.132438163
976,0.13454027
977,0.134761047
978,0.135771332
979,0.136662776
980,0.136598026
981,0.136381598
982,0.136306955
983,0.136172272
984,0.1358953
985,0.136370037
986,0.137393296
987,0.137396496
988,0.138932991
989,0.13857405
990,0.13929847
991,0.139815598
992,0.139741679
993,0.1393008
994,0.139759781
995,0.13953941
996,0.139357446
997,0.139333263
998,0.139383418
999,0.139258828
1000,0.139002389
1001,0.138742419
1002,0.138673556
1003,0.138531224
1004,0.138332554
1005,0.138431383
1006,0.13823667
1007,0.138038035
1008,0.137873771
1009,0.137794332
1010,0.137740625
1011,0.137543846
1012,0.137345385
1013,0.137144123
1014,0.137191466
1015,0.136873738
1016,0.136881688
1017,0.136705981
1018,0.136502392
1019,0.13631766
1020,0.136221683
1021,0.136208184
1022,0.13608116
1023,0.135895919
1024,0.135691237
1025,0.135493516
1026,0.135301499
1027,0.135092675
1028,0.134901429
1029,0.134750145
1030,0.134557135
1031,0.134362714
1032,0.134168633
1033,0.133978764
1034,0.133787169
1035,0.133639466
1036,0.13356623
1037,0.133371844
1038,0.133176949
1039,0.132978433
1040,0.132783333
1041,0.132583242
1042,0.132395265
1043,0.132196895
1044,0.131991007
1045,0.131780554
1046,0.131568931
1047,0.131349741
1048,0.131142306
1049,0.130916664
1050,0.130676855
1051,0.130446349
1052,0.13021092
1053,0.129973664
1054,0.129724154
1055,0.129479461
1056,0.129216466
1057,0.128970021
1058,0.128663535
1059,0.128396806
1060,0.128160854
1061,0.127942247
1062,0.127723659
1063,0.127481494
1064,0.127209521
1065,0.127006657
1066,0.126779081
1067,0.126585936
1068,0.126401457
1069,0.126233159
1070,0.126057251
1071,0.125854129
1072,0.125551926
1073,0.125288738
1074,0.125122051
1075,0.124933709
1076,0.124777269
1077,0.123951001
1078,0.123639197
1079,0.123535032
1080,0.123298209
1081,0.123144082
1082,0.122953693
1083,0.122715202
1084,0.122396182
1085,0.122295495
1086,0.121545345
1087,0.120529801
1088,0.120317859
1089,0.119356728
1090,0.1187893
1091,0.117811797
1092,0.11660563
1093,0.115638832
1094,0.11442622
1095,0.113802706
1096,0.113246744
1097,0.112271903
1098,0.112709544
1099,0.11159663
1100,0.1111736
1101,0.110616972
1102,0.109722353
1103,0.109183751
1104,0.106725705
1105,0.105445274
1106,0.104289141
1107,0.103723567
1108,0.102738905
1109,0.101540614
1110,0.099509142
1111,0.097678118
1112,0.097288426
1113,0.096600861
1114,0.095772344
1115,0.095149001
1116,0.09414162
1117,0.092927549
1118,0.092539735
1119,0.090470044
1120,0.087743434
1121,0.086001805
1122,0.085178567
1123,0.084563969
1124,0.083071751
1125,0.083846516
1126,0.082709186
1127,0.077749382
1128,0.077609712
1129,0.078171411
1130,0.078330065
1131,0.07834796
1132,0.078563533
1133,0.078435843
1134,0.078802661
1135,0.078937441
1136,0.077255856
1137,0.076352966
1138,0.076161449
1139,0.076018896
1140,0.076515075
1141,0.078134938
1142,0.078823378
1143,0.077210746
1144,0.077362911
1145,0.077443857
1146,0.076684648
1147,0.077808831
1148,0.082941978
1149,0.082636257
1150,0.081274005
1151,0.081162357
1152,0.083008279
1153,0.083689856
1154,0.084308127
1155,0.084821764
1156,0.084936288
1157,0.086825274
1158,0.087986175
1159,0.088812152
1160,0.089404634
1161,0.090199168
1162,0.091328683
1163,0.09160077
1164,0.09365816
1165,0.092755538
1166,0.093715142
1167,0.095454881
1168,0.096145493
1169,0.096198537
1170,0.096983767
1171,0.098720249
1172,0.098839519
1173,0.098413497
1174,0.098772531
1175,0.098627803
1176,0.098012281
1177,0.098300934
1178,0.098564334
1179,0.098648206
1180,0.098750278
1181,0.098618347
1182,0.098102354
1183,0.098053932
1184,0.098350219
1185,0.098470228
1186,0.099349669
1187,0.099289743
1188,0.099007098
1189,0.098842338
1190,0.098324401
1191,0.09821737
1192,0.09775243
1193,0.097547416
1194,0.09773251
1195,0.097175696
1196,0.096504451
1197,0.096912966
1198,0.09658143
1199,0.096853883
1200,0.096923781
1201,0.096245842
1202,0.096093356
1203,0.096099904
1204,0.095968894
1205,0.09549783
1206,0.094973515
1207,0.095286238
1208,0.095105702
1209,0.094945144
1210,0.094443512
1211,0.094622559
1212,0.094458017
1213,0.094766827
1214,0.094853396
1215,0.094973712
1216,0.095241018
1217,0.095584783
1218,0.095017457
1219,0.09539472
1220,0.095175756
1221,0.095020316
1222,0.095515834
1223,0.095493431
1224,0.095668241
1225,0.095873276
1226,0.096037045
1227,0.096264002
1228,0.096055032
1229,0.096070031
1230,0.096064824
1231,0.096286413
1232,0.096283737
1233,0.09612495
1234,0.095976141
1235,0.095938622
1236,0.0957863
1237,0.095802957
1238,0.095746845
1239,0.096162521
1240,0.096105135
1241,0.096109875
1242,0.096057044
1243,0.09590368
1244,0.095712818
1245,0.095680614
1246,0.095490447
1247,0.095301625
1248,0.095088157
1249,0.094924449
1250,0.094653044
1251,0.094431648
1252,0.094186197
1253,0.09397724
1254,0.093572003
1255,0.093116352
1256,0.092832552
1257,0.092206256
1258,0.091923081
1259,0.091681006
1260,0.090919737
1261,0.090618248
1262,0.090292195
1263,0.090067063
1264,0.089758572
1265,0.089455423
1266,0.089254432
1267,0.088946188
1268,0.08873132
1269,0.088635558
1270,0.088554015
1271,0.088463846
1272,0.088291838
1273,0.088219587
1274,0.088202154
1275,0.088351018
1276,0.088531752
1277,0.088554895
1278,0.08892099
1279,0.088850822
1280,0.088763449
1281,0.089139071
1282,0.089168908
1283,0.08897731
1284,0.088869974
1285,0.088857408
1286,0.088752211
1287,0.088659974
1288,0.088451588
1289,0.088208293
1290,0.088114285
1291,0.087944367
1292,0.087381256
1293,0.087387314
1294,0.087241975
1295,0.086519983
1296,0.08622814
1297,0.086069034
1298,0.085672186
1299,0.084794051
1300,0.084503097
1301,0.083866896
1302,0.083417832
1303,0.083171778
1304,0.082380224
1305,0.082010709
1306,0.081356206
1307,0.081225534
1308,0.079736783
1309,0.079677391
1310,0.079272353
1311,0.078514866
1312,0.07783373
1313,0.07804316
1314,0.076831317
1315,0.075869602
1316,0.076110942
1317,0.075728641
1318,0.074192148
1319,0.073859158
1320,0.073650782
1321,0.072895534
1322,0.072422665
1323,0.071363582
1324,0.070461403
1325,0.069743916
1326,0.069077381
1327,0.067719475
1328,0.066336302
1329,0.066159343
1330,0.065699823
1331,0.065258516
1332,0.065189342
1333,0.064819054
1334,0.063757271
1335,0.06186005
1336,0.061797939
1337,0.060687782
1338,0.059905213
1339,0.062818015
1340,0.061431969
1341,0.060371116
1342,0.05950479
1343,0.058625066
1344,0.057934235
1345,0.057152727
1346,0.057085678
1347,0.056441896
1348,0.058466598
1349,0.058097892
1350,0.057888961
1351,0.056674069
1352,0.055960213
1353,0.054704115
1354,0.053783367
1355,0.053094645
1356,0.054279998
1357,0.053535172
1358,0.053231469
1359,0.043319157
1360,0.040288076
1361,0.040334567
1362,0.04081399
1363,0.039773107
1364,0.039950661
1365,0.039894682
1366,0.03991055
1367,0.0381866
1368,0.036002209
1369,0.034100399
1370,0.034239516
1371,0.03424296
1372,0.034665606
1373,0.034731396
1374,0.035321185
1375,0.035580541
1376,0.035740011
1377,0.034948796
1378,0.034723242
1379,0.034641881
1380,0.044634492
1381,0.044576759
1382,0.044265314
1383,0.043438619
1384,0.035875853
1385,0.036450449
1386,0.038705917
1387,0.039005408
1388,0.040511335
1389,0.042395048
1390,0.042131221
1391,0.042380783
1392,0.042333245
1393,0.044316932
1394,0.044246133
1395,0.043701067
1396,0.043606639
1397,0.043584074
1398,0.044365748
1399,0.044550459
1400,0.044632923
1401,0.042478459
1402,0.042271899
1403,0.04239982
1404,0.042955078
1405,0.051207652
1406,0.05012879
1407,0.048154876
1408,0.047493641
1409,0.047216835
1410,0.04750182
1411,0.047947448
1412,0.047400184
1413,0.047513072
1414,0.044976423
1415,0.04494625
1416,0.044874369
1417,0.044785253
1418,0.044653329
1419,0.044561755
1420,0.044743159
1421,0.044136448
1422,0.045625009
1423,0.045548237
1424,0.045207883
1425,0.044954966
1426,0.045272034
1427,0.045124575
1428,0.04506268
1429,0.044072559
1430,0.044645158
1431,0.044469823
1432,0.04417261
1433,0.044575254
1434,0.04309117
1435,0.04314985
1436,0.043113615
1437,0.042481176
1438,0.042045441
1439,0.042594609
1440,0.042919324
1441,0.042240857
1442,0.042692353
1443,0.042639896
1444,0.042203388
1445,0.043202446
1446,0.043357774
1447,0.043571574
1448,0.044272755
1449,0.044793463
1450,0.046296352
1451,0.046248325
1452,0.046534984
1453,0.046896091
1454,0.046766162
1455,0.048347915
1456,0.048582992
1457,0.048427858
1458,0.04889376
1459,0.049445579
1460,0.049301135
1461,0.049226724
1462,0.049323564
1463,0.049340358
1464,0.049690414
1465,0.050436195
1466,0.050546055
1467,0.050208127
1468,0.049038804
1469,0.048571361
1470,0.048301764
1471,0.048355819
1472,0.048569673
1473,0.048168539
1474,0.048031269
1475,0.048283669
1476,0.048570099
1477,0.048737598
1478,0.048929758
1479,0.049221759
1480,0.049365069
1481,0.049454976
1482,0.0497451
1483,0.050069466
1484,0.05021363
1485,0.050105896
1486,0.049904696
1487,0.04978144
1488,0.050781053
1489,0.051957924
1490,0.052835335
1491,0.053436102
1492,0.053799299
1493,0.053753715
1494,0.05411095
1495,0.054020094
1496,0.054027388
1497,0.054243147
1498,0.054639522
1499,0.055246614
1500,0.055519137
1501,0.055868528
1502,0.055974569
1503,0.056302952
1504,0.056694873
1505,0.056933171
1506,0.057252172
1507,0.058038332
1508,0.058260245
1509,0.05840117
1510,0.058682572
1511,0.058697306
1512,0.05876601
1513,0.058783467
1514,0.059178767
1515,0.059688141
1516,0.060327328
1517,0.060737798
1518,0.060765414
1519,0.060790372
1520,0.060750572
1521,0.061221676
1522,0.061328379
1523,0.061567765
1524,0.06148573
1525,0.061747335
1526,0.061963714
1527,0.062104823
1528,0.062036979
1529,0.062101511
1530,0.061995313
1531,0.062225137
1532,0.062320725
1533,0.062241825
1534,0.062237437
1535,0.062154048
1536,0.062109811
1537,0.062100275
1538,0.062101557
1539,0.062036573
1540,0.062045101
1541,0.062047279
1542,0.061996365
1543,0.061909108
1544,0.061878325
1545,0.061852698
1546,0.061902342
1547,0.061969313
1548,0.061986934
1549,0.061956833
1550,0.061908265
1551,0.061880325
1552,0.061832158
1553,0.061801576
1554,0.061765665
1555,0.061760143
1556,0.061762117
1557,0.061677141
1558,0.061653703
1559,0.061578803
1560,0.061514345
1561,0.061404079
1562,0.061258581
1563,0.061149753
1564,0.061084409
1565,0.060970708
1566,0.060891983
1567,0.06078053
1568,0.060653651
1569,0.060581951
1570,0.060411957
1571,0.060266834
1572,0.060147169
1573,0.060043934
1574,0.05991715
1575,0.059856579
1576,0.05979824
1577,0.059746641
1578,0.059708721
1579,0.059667091
1580,0.059638012
1581,0.059617894
1582,0.059620482
1583,0.059667519
1584,0.059692944
1585,0.059723552
1586,0.059727232
1587,0.059685708
1588,0.059671689
1589,0.05967817
1590,0.059618657
1591,0.059626327
1592,0.059585819
1593,0.059548214
1594,0.059506597
1595,0.059483232
1596,0.059441166
1597,0.059399112
1598,0.059277476
1599,0.05921542
1600,0.059052398
1601,0.058900618
1602,0.058786362
1603,0.058691397
1604,0.058614541
1605,0.058549072
1606,0.058489112
1607,0.058434594
1608,0.058376159
1609,0.058329456
1610,0.058259728
1611,0.058227248
1612,0.058223141
1613,0.058247273
1614,0.058247698
1615,0.058224308
1616,0.058207007
1617,0.058160211
1618,0.058111587
1619,0.058106685
1620,0.058070734
1621,0.058126568
1622,0.058161748
1623,0.058166136
1624,0.058120852
1625,0.058076494
1626,0.058008395
1627,0.057950082
1628,0.057896432
1629,0.057845765
1630,0.057786721
1631,0.057750253
1632,0.057688863
1633,0.057624884
1634,0.057499507
1635,0.057435669
1636,0.057377902
1637,0.057299407
1638,0.057243504
1639,0.057160852
1640,0.05709312
1641,0.057032984
1642,0.0568567
1643,0.056711166
1644,0.056652839
1645,0.056619631
1646,0.056530584
1647,0.056452287
1648,0.056366885
1649,0.056285819
1650,0.056231578
1651,0.056160307
1652,0.056105107
1653,0.055999852
1654,0.055939375
1655,0.055942179
1656,0.055881875
1657,0.055700774
1658,0.05562375
1659,0.055553982
1660,0.055455388
1661,0.055408888
1662,0.055339076
1663,0.055394055
1664,0.05541431
1665,0.055321191
1666,0.055230969
1667,0.055185233
1668,0.055150218
1669,0.055105972
1670,0.055061602
1671,0.054959558
1672,0.054907863
1673,0.054838131
1674,0.054812275
1675,0.054580519
1676,0.054513752
1677,0.054431076
1678,0.054439812
1679,0.054401579
1680,0.054344853
1681,0.054331019
1682,0.054167476
1683,0.054098974
1684,0.054027555
1685,0.053868946
1686,0.053822441
1687,0.053778024
1688,0.053501121
1689,0.05343418
1690,0.053373558
1691,0.053300786
1692,0.052942226
1693,0.052870616
1694,0.052792308
1695,0.052729724
1696,0.052822339
1697,0.052690576
1698,0.052572774
1699,0.052551513
1700,0.052366555
1701,0.052297438
1702,0.052233939
1703,0.052259811
1704,0.052158554
1705,0.052001918
1706,0.052012526
1707,0.051701603
1708,0.051617018
1709,0.051760342
1710,0.051695016
1711,0.051550903
1712,0.051319005
1713,0.051566676
1714,0.051475555
1715,0.051381425
1716,0.051213515
1717,0.051070777
1718,0.051019668
1719,0.050959136
1720,0.050669145
1721,0.050718538
1722,0.050630806
1723,0.050057224
1724,0.049977257
1725,0.049910761
1726,0.049924571
1727,0.049539253
1728,0.049543845
1729,0.049441721
1730,0.049336511
1731,0.049110887
1732,0.048971762
1733,0.048969215
1734,0.0488436
1735,0.048765562
1736,0.048719374
1737,0.048702053
1738,0.048055056
1739,0.047989988
1740,0.047943766
1741,0.048073344
1742,0.047946409
1743,0.047844201
1744,0.048192709
1745,0.048102887
1746,0.047726133
1747,0.047574634
1748,0.047495023
1749,0.04752084
1750,0.04749432
1751,0.047399637
1752,0.047090284
1753,0.047089469
1754,0.046615532
1755,0.046575819
1756,0.046457394
1757,0.045678154
1758,0.045402505
1759,0.045869937
1760,0.045656453
1761,0.045284656
1762,0.044836587
1763,0.044795495
1764,0.044533125
1765,0.043859497
1766,0.043497591
1767,0.043027636
1768,0.042764888
1769,0.042831725
1770,0.041716802
1771,0.041514123
1772,0.041050466
1773,0.041126436
1774,0.041002969
1775,0.0410263
1776,0.038768304
1777,0.037923722
1778,0.037852967
1779,0.037855503
1780,0.037441081
1781,0.037371513
1782,0.037196741
1783,0.036991012
1784,0.036586181
1785,0.035877475
1786,0.03601542
1787,0.035506806
1788,0.03505933
1789,0.034709323
1790,0.034547744
1791,0.03533508
1792,0.034585644
1793,0.034064464
1794,0.033719808
1795,0.033022528
1796,0.032940942
1797,0.029758492
1798,0.029942109
1799,0.030014821
1800,0.029365565
1801,0.029171338
1802,0.028761685
1803,0.028174903
1804,0.027897509
1805,0.027604075
1806,0.028702685
1807,0.027937211
1808,0.027212664
1809,0.0276495
1810,0.027496535
1811,0.027033393
1812,0.026530146
1813,0.026564356
1814,0.026704572
1815,0.026578734
1816,0.026333514
1817,0.020239453
1818,0.024697761
1819,0.024388407
1820,0.024241647
1821,0.033944668
1822,0.033776758
1823,0.033585446
1824,0.033389193
1825,0.033372461
1826,0.033374728
1827,0.032506336
1828,0.033518476
1829,0.034374739
1830,0.034416172
1831,0.03347527
1832,0.033794381
1833,0.033090869
1834,0.033108925
1835,0.032970499
1836,0.032833061
1837,0.033183957
1838,0.039054114
1839,0.039385638
1840,0.03999204
1841,0.040004066
1842,0.030361774
1843,0.030401021
1844,0.030382952
1845,0.030830029
1846,0.030927385
1847,0.031398402
1848,0.031273493
1849,0.03068633
1850,0.02348827
1851,0.022791215
1852,0.02537717
1853,0.025011687
1854,0.025660758
1855,0.030677798
1856,0.030626792
1857,0.030549271
1858,0.030443721
1859,0.030313899
1860,0.030297634
1861,0.03024951
1862,0.030647644
1863,0.03126281
1864,0.031734929
1865,0.0313336
1866,0.031433318
1867,0.031520764
1868,0.031017276
1869,0.031101007
1870,0.031106239
1871,0.038133075
1872,0.038732462
1873,0.037001921
1874,0.036836067
1875,0.036894062
1876,0.031774259
1877,0.031932033
1878,0.033066069
1879,0.033048483
1880,0.032927543
1881,0.032729619
1882,0.032317572
1883,0.031300659
1884,0.030492989
1885,0.030167895
1886,0.030394585
1887,0.030103884
1888,0.029899079
1889,0.029549669
1890,0.029263073
1891,0.029525524
1892,0.02983229
1893,0.029751233
1894,0.029761221
1895,0.029971744
1896,0.027754622
1897,0.027754428
1898,0.027704038
1899,0.026572379
1900,0.026553354
1901,0.026396487
1902,0.02633441
1903,0.025654491
1904,0.025994838
1905,0.026021105
1906,0.025639713
1907,0.025658828
1908,0.025675514
1909,0.025669263
1910,0.025785932
1911,0.026719933
1912,0.026287529
1913,0.025848377
1914,0.025773721
1915,0.025644524
1916,0.025518759
1917,0.027521048
1918,0.027556128
1919,0.027059023
1920,0.026785485
1921,0.026708666
1922,0.026929248
1923,0.026824334
1924,0.027167127
1925,0.02561703
1926,0.02575322
1927,0.025637688
1928,0.025515069
1929,0.025685621
1930,0.025555554
1931,0.025505454
1932,0.024307407
1933,0.024290914
1934,0.024359768
1935,0.0243336
1936,0.024500678
1937,0.02416251
1938,0.024241209
1939,0.024184962
1940,0.024657648
1941,0.024846277
1942,0.024907565
1943,0.02505076
1944,0.025030638
1945,0.025392652
1946,0.027095245
1947,0.026884882
1948,0.027130823
1949,0.027196574
1950,0.026954033
1951,0.027180039
1952,0.026682124
1953,0.026982065
1954,0.027098042
1955,0.027107329
1956,0.027390677
1957,0.027361001
1958,0.028018896
1959,0.028059268
1960,0.028209493
1961,0.028414736
1962,0.028496757
1963,0.028456428
1964,0.028555276
1965,0.028666499
1966,0.028828605
1967,0.028885496
1968,0.029339972
1969,0.029632351
1970,0.030089155
1971,0.030101551
1972,0.030272685
1973,0.03118914
1974,0.031336986
1975,0.031704614
1976,0.031969388
1977,0.032116461
1978,0.031703891
1979,0.031664744
1980,0.032012442
1981,0.03184469
1982,0.031886262
1983,0.032196742
1984,0.032561782
1985,0.032413605
1986,0.032692366
1987,0.032715864
1988,0.032790625
1989,0.032422456
1990,0.03219867
1991,0.031886548
1992,0.031959688
1993,0.031641835
1994,0.031425071
1995,0.031323283
1996,0.031048039
1997,0.03066111
1998,0.030128788
1999,0.030496261
2000,0.03045519
2001,0.030072866
2002,0.030227661
2003,0.029923054
2004,0.029613341
2005,0.029397362
2006,0.029317621
2007,0.029204338
2008,0.028905801
2009,0.028798795
2010,0.028767783
2011,0.028776162
2012,0.028875225
2013,0.02909101
2014,0.02918362
2015,0.029201193
2016,0.029411269
2017,0.029623091
2018,0.029995977
2019,0.03029853
2020,0.030446588
2021,0.030531471
2022,0.030838679
2023,0.031052964
2024,0.031422624
2025,0.03177896
2026,0.031976928
2027,0.032301751
2028,0.032489593
2029,0.032836166
2030,0.033173414
2031,0.033394231
2032,0.033642403
2033,0.033853487
2034,0.033990303
2035,0.034141893
2036,0.034284312
2037,0.034411433
2038,0.034426265
2039,0.034418889
2040,0.034463796
2041,0.034456927
2042,0.034370662
2043,0.034209868
2044,0.034181859
2045,0.033957624
2046,0.033756755
2047,0.033695018
2048,0.033603544
2049,0.033350192
2050,0.033152472
2051,0.033099786
2052,0.033111684
2053,0.032937844
2054,0.032794331
2055,0.032789095
2056,0.032821438
2057,0.032755534
2058,0.032720375
2059,0.032625245
2060,0.032618954
2061,0.032661688
2062,0.032691795
2063,0.032709845
2064,0.032904459
2065,0.032871652
2066,0.033010467
2067,0.033109784
2068,0.033064444
2069,0.033024024
2070,0.033239847
2071,0.033430283
2072,0.033425908
2073,0.033515716
2074,0.033630045
2075,0.033750343
2076,0.033701949
2077,0.033735584
2078,0.033836145
2079,0.033875252
2080,0.033962238
2081,0.033962829
2082,0.034040531
2083,0.034148716
2084,0.034235834
2085,0.034153988
2086,0.034204574
2087,0.034310928
2088,0.034382067
2089,0.034468218
2090,0.034499706
2091,0.034468778
2092,0.034477305
2093,0.03441198
2094,0.034456622
2095,0.034504228
2096,0.034485167
2097,0.034550451
2098,0.034571453
2099,0.034575943
2100,0.034573508
2101,0.034554172
2102,0.034608707
2103,0.034494635
2104,0.03447507
2105,0.034464392
2106,0.034535743
2107,0.034530687
2108,0.034536671
2109,0.034528239
2110,0.034469588
2111,0.034452084
2112,0.034464824
2113,0.034446055
2114,0.034515959
2115,0.034502344
2116,0.03444135
2117,0.034456425
2118,0.034451816
2119,0.034371266
2120,0.034356517
2121,0.034337803
2122,0.034356836
2123,0.03434678
2124,0.034443102
2125,0.034439412
2126,0.034428165
2127,0.03436916
2128,0.034363688
2129,0.034344074
2130,0.03432886
2131,0.034349786
2132,0.034408492
2133,0.034392772
2134,0.03437176
2135,0.034356114
2136,0.034342107
2137,0.034365496
2138,0.034344295
2139,0.034299981
2140,0.034348994
2141,0.034293144
2142,0.034253739
2143,0.034159901
2144,0.034052947
2145,0.03400123
2146,0.033971604
2147,0.033942008
2148,0.033978942
2149,0.033927886
2150,0.033825444
2151,0.033769686
2152,0.033726267
2153,0.033706342
2154,0.033653929
2155,0.033608075
2156,0.033580262
2157,0.033551339
2158,0.033526621
2159,0.033512152
2160,0.033437245
2161,0.03340561
2162,0.03342483
2163,0.033423068
2164,0.033448933
2165,0.033441212
2166,0.033434189
2167,0.033366038
2168,0.033359474
2169,0.033336117
2170,0.033260862
2171,0.033320956
2172,0.033336934
2173,0.033342756
2174,0.033249238
2175,0.033257085
2176,0.033057269
2177,0.033036361
2178,0.032973786
2179,0.032870244
2180,0.03284776
2181,0.032902091
2182,0.032880365
2183,0.0328595
2184,0.032840719
2185,0.032837216
2186,0.032794143
2187,0.032776623
2188,0.032763481
2189,0.032641474
2190,0.032588657
2191,0.032587605
2192,0.032537591
2193,0.032496911
2194,0.032457078
2195,0.03242729
2196,0.032252815
2197,0.032438404
2198,0.032408839
2199,0.032435689
2200,0.032512104
2201,0.032485909
2202,0.032464859
2203,0.032461836
2204,0.032438743
2205,0.03241449
2206,0.032344527
2207,0.0323062
2208,0.032293566
2209,0.03230801
2210,0.032382988
2211,0.032384849
2212,0.032423146
2213,0.03242783
2214,0.032415608
2215,0.032406471
2216,0.032411188
2217,0.032544525
2218,0.032500562
2219,0.032491064
2220,0.032471548
2221,0.032452608
2222,0.032435181
2223,0.032394459
2224,0.032368784
2225,0.032340277
2226,0.032318589
2227,0.032307454
2228,0.03239906
2229,0.032366304
2230,0.032359033
2231,0.032318427
2232,0.032306527
2233,0.032288421
2234,0.032264366
2235,0.032211334
2236,0.032196807
2237,0.03221336
2238,0.032142382
2239,0.032133004
2240,0.032107767
2241,0.03207518
2242,0.03203247
2243,0.031993202
2244,0.031976548
2245,0.031924453
2246,0.031894793
2247,0.031852315
2248,0.031834665
2249,0.031787722
2250,0.031778899
2251,0.031739211
2252,0.031690342
2253,0.03161123
2254,0.03158488
2255,0.031536841
2256,0.031519208
2257,0.031486591
2258,0.031470154
2259,0.031454086
2260,0.031375859
2261,0.031333878
2262,0.031305764
2263,0.031257743
2264,0.031235319
2265,0.031206061
2266,0.031175419
2267,0.031101374
2268,0.031076225
2269,0.031085635
2270,0.031076147
2271,0.031046525
2272,0.030974765
2273,0.030980185
2274,0.030932193
2275,0.030859205
2276,0.030831842
2277,0.030842483
2278,0.030803227
2279,0.03076667
2280,0.03076489
2281,0.030733961
2282,0.030698357
2283,0.030617908
2284,0.030619386
2285,0.030578342
2286,0.030492964
2287,0.030424639
2288,0.030435936
2289,0.030393029
2290,0.030335789
2291,0.030289846
2292,0.030225601
2293,0.030233079
2294,0.030201888
2295,0.03021476
2296,0.030206802
2297,0.0301858
2298,0.030119285
2299,0.03009255
2300,0.030064983
2301,0.03003207
2302,0.030068254
2303,0.030038235
2304,0.030080807
2305,0.030068041
2306,0.030041754
2307,0.030038653
2308,0.02997082
2309,0.029875539
2310,0.029854616
2311,0.029826361
2312,0.029813025
2313,0.029663582
2314,0.029498018
2315,0.029426094
2316,0.029429554
2317,0.029424123
2318,0.029410436
2319,0.02936022
2320,0.029338208
2321,0.029319734
2322,0.02925081
2323,0.029194468
2324,0.029186488
2325,0.02913513
2326,0.029051034
2327,0.029027902
2328,0.029037925
2329,0.029096022
2330,0.029106447
2331,0.028967998
2332,0.028912942
2333,0.028701457
2334,0.028816812
2335,0.02892998
2336,0.028833778
2337,0.028781528
2338,0.028704664
2339,0.028629084
2340,0.028640781
2341,0.028530095
2342,0.028416993
2343,0.02809249
2344,0.028015126
2345,0.027973359
2346,0.02794205
2347,0.02791122
2348,0.027789379
2349,0.027734277
2350,0.027652826
2351,0.02766514
2352,0.027773157
2353,0.027761188
2354,0.027900372
2355,0.027688577
2356,0.027673105
2357,0.027757419
2358,0.027689524
2359,0.027672938
2360,0.027488798
2361,0.027422962
2362,0.027216269
2363,0.02716643
2364,0.027418614
2365,0.027443424
2366,0.02741595
2367,0.027352647
2368,0.027296693
2369,0.027089886
2370,0.02703273
2371,0.026979572
2372,0.0268301
2373,0.026767149
2374,0.026607331
2375,0.026328242
2376,0.02646161
2377,0.026152504
2378,0.026097241
2379,0.025910254
2380,0.025886363
2381,0.026030219
2382,0.02593887
2383,0.026006073
2384,0.026051441
2385,0.026065321
2386,0.026005021
2387,0.02593884
2388,0.025649968
2389,0.025635767
2390,0.025864908
2391,0.025827938
2392,0.025883082
2393,0.025944013
2394,0.025930918
2395,0.02589137
2396,0.026068496
2397,0.025962127
2398,0.02601508
2399,0.025809118
2400,0.02598062
2401,0.025782686
2402,0.025754106
2403,0.025590902
2404,0.02569562
2405,0.02540578
2406,0.025304422
2407,0.024903543
2408,0.024829624
2409,0.02498357
2410,0.024556992
2411,0.024448555
2412,0.02445496
2413,0.024273446
2414,0.02425031
2415,0.024050604
2416,0.024132363
2417,0.024046851
2418,0.024060422
2419,0.024213785
2420,0.024353126
2421,0.024311262
2422,0.024462163
2423,0.024436251
2424,0.024433234
2425,0.024337997
2426,0.024001952
2427,0.02374695
2428,0.024010855
2429,0.024036502
2430,0.02410676
2431,0.024512173
2432,0.024575627
2433,0.024539766
2434,0.024520733
2435,0.024474857
2436,0.024536405
2437,0.023722121
2438,0.02359457
2439,0.023371082
2440,0.023299405
2441,0.023029536
2442,0.022703256
2443,0.022496433
2444,0.022398603
2445,0.02233508
2446,0.022233112
2447,0.02276632
2448,0.023007289
2449,0.023084775
2450,0.023061119
2451,0.023012607
2452,0.022950279
2453,0.022798311
2454,0.02214516
2455,0.022094825
2456,0.022058269
2457,0.022028704
2458,0.022796732
2459,0.022671518
2460,0.022777241
2461,0.022734865
2462,0.022866459
2463,0.022615977
2464,0.022215746
2465,0.022162903
2466,0.022242653
2467,0.02226915
2468,0.022174014
2469,0.021983941
2470,0.021797928
2471,0.021586766
2472,0.021109972
2473,0.020939529
2474,0.020751853
2475,0.020746047
2476,0.020678236
2477,0.020564895
2478,0.020277856
2479,0.020095834
2480,0.020071765
2481,0.019965427
2482,0.019684966
2483,0.019381546
2484,0.019612864
2485,0.019937836
2486,0.019727595
2487,0.019660502
2488,0.019456283
2489,0.019218978
2490,0.019260609
2491,0.019221005
2492,0.019141093
2493,0.019357343
2494,0.019251664
2495,0.019255075
2496,0.019711105
2497,0.019641556
2498,0.019447032
2499,0.019570138
2500,0.019470336
